Compound,Date,Negative,Neutral,Positive,Text,Tweets Ago,User
-0.3818,Sat Mar 24 20:34:01 +0000 2018,0.115,0.885,0.0,"""I still see people screaming for help.""

This Sunday at 9pm on @BBCTwo, @REGYATES meets the people whose lives wer‚Ä¶ https://t.co/RS16yXF17H",0,@BBC
0.4767,Sat Mar 24 20:00:11 +0000 2018,0.0,0.866,0.134,"The story of the last decade of Picasso's life, through the words of family and friends. üé®

Picasso's Last Stand |‚Ä¶ https://t.co/RyiuI8KgSk",1,@BBC
0.5859,Sat Mar 24 19:16:04 +0000 2018,0.0,0.817,0.183,"""Beauty is your inside, it's your personality and what shines from beneath."" 

25-year-old rapper Paigey Cakey had‚Ä¶ https://t.co/CVGr69Y0oO",2,@BBC
0.5719,Sat Mar 24 18:44:04 +0000 2018,0.0,0.748,0.252,Cambridge have won the men's and women's Boat Races. https://t.co/COTzXYuo4N üèÜ üö£ #BoatRace2018 https://t.co/6SQjF1ToSt,3,@BBC
0.3182,Sat Mar 24 18:02:01 +0000 2018,0.0,0.777,0.223,"üì∫üòÇ @RomeshRanga is NOT a fan of Gogglebox. #LiveAtTheApollo
https://t.co/FHm9g6Emss",4,@BBC
0.0,Sat Mar 24 17:01:01 +0000 2018,0.0,1.0,0.0,"When proposals go wrong... üò≥üíç #Doodlebugs 
https://t.co/8Yi6giWO3S",5,@BBC
0.2732,Sat Mar 24 15:30:10 +0000 2018,0.083,0.788,0.129,"Writer Sara Maitland has lived alone in rural Scotland for 20 years. 

Here are seven valuable life lessons we can‚Ä¶ https://t.co/2eAqUlnwuA",6,@BBC
-0.0772,Sat Mar 24 15:00:06 +0000 2018,0.15,0.719,0.131,ü§≥How an Instagram video lost me my dream job in fashion: https://t.co/72yWgHdc1k https://t.co/fl3DxMcIL5,7,@BBC
0.0,Sat Mar 24 14:01:47 +0000 2018,0.0,1.0,0.0,üö£ @clarebalding is live from the River Thames as @UniofOxford and @Cambridge_Uni  meet for one of the most iconic e‚Ä¶ https://t.co/Ls9rtIYov4,8,@BBC
0.296,Sat Mar 24 14:01:32 +0000 2018,0.0,0.845,0.155,RT @bbcthree: The barber helping men with dementia relive their younger lives. https://t.co/p8axQVK836,9,@BBC
0.0,Sat Mar 24 13:03:01 +0000 2018,0.0,1.0,0.0,"Which animals are likely to become extinct in your lifetime? ü¶èüíî
https://t.co/9KwlmcNrWV",10,@BBC
0.1867,Sat Mar 24 12:33:04 +0000 2018,0.0,0.902,0.098,"Don't miss the highlights from the Gymnastics World Cup! ü§∏ü§∏‚Äç‚ôÄÔ∏èüá¨üáß

World Cup Gymnastics | @BBCOne | 2:05pm |‚Ä¶ https://t.co/7mpufyeEMo",11,@BBC
0.0,Sat Mar 24 11:29:04 +0000 2018,0.0,1.0,0.0,"How much do you know about horses? Take this quiz to see if you are an equestrian expert‚Ä¶üê¥

https://t.co/ChGCB9Xi1W https://t.co/P9UgJ99nsx",12,@BBC
0.4215,Sat Mar 24 10:31:01 +0000 2018,0.0,0.833,0.167,"Meet Hester, the 10-year-old visually impaired skier who's hoping for Paralympic gold one day. ‚õ∑ü•áhttps://t.co/6aiUaTc3yS",13,@BBC
0.5411,Sat Mar 24 10:03:01 +0000 2018,0.0,0.857,0.143,"""The enthusiastic viewer should feel he is almost the man on the spot!"" 

In 1949, the BBC announced it would telev‚Ä¶ https://t.co/WEoPpkrW1V",14,@BBC
0.0,Sat Mar 24 09:42:34 +0000 2018,0.0,1.0,0.0,RT @BBCNewsNI: Prince Harry and Meghan Markle are visiting Northern Ireland https://t.co/ODxLd1LIr8 https://t.co/s0zPTXj3Tk,15,@BBC
0.0,Sat Mar 24 09:32:59 +0000 2018,0.0,1.0,0.0,"RT @bbcf1: Lewis Hamilton took the first pole of the season in spectacular style ‚ö°Ô∏è

https://t.co/a7YDOx0FlQ",16,@BBC
0.4995,Sat Mar 24 09:31:30 +0000 2018,0.0,0.867,0.133,"RT @sportrelief: A humongous THANK YOU to everyone who has taken part, fund-raised &amp; watched over the past weeks &amp; tonight. The #SportRelie‚Ä¶",17,@BBC
0.128,Sat Mar 24 09:31:26 +0000 2018,0.065,0.85,0.085,RT @sportrelief: The nation has joined together for this year's #SportRelief pulling out all the stops to make their steps count. Well done‚Ä¶,18,@BBC
0.0,Sat Mar 24 09:30:13 +0000 2018,0.0,1.0,0.0,ü•ëA Cultural history of the avocado: https://t.co/jo1UyWlVw7 https://t.co/7VF6pBpG57,19,@BBC
0.0,Sat Mar 24 08:33:02 +0000 2018,0.0,1.0,0.0,"Meet Alexandre, one of the only male performers of ‚Äòbaladi‚Äô ‚Äì also known as belly dancing ‚Äì in the Middle East. üé∂

 https://t.co/K12N1Y6PU7",20,@BBC
0.0,Fri Mar 23 19:07:00 +0000 2018,0.0,1.0,0.0,"RT @BBCOne: .@GaryLineker, @OreOduba, @ThisisDavina &amp; more kick off the biggest ever night of #SportRelief now on @bbcone. @sportrelief 
Fo‚Ä¶",21,@BBC
-0.296,Fri Mar 23 18:03:04 +0000 2018,0.136,0.864,0.0,From @taylorswift13 to @Beyonce: these are the secretive musicians who avoid interviews. üé§ü§ê https://t.co/nqOmaVMzoo https://t.co/sbDga7L5cp,22,@BBC
0.0,Fri Mar 23 17:33:03 +0000 2018,0.0,1.0,0.0,"Tonight, @GaryLineker, @ThisisDavina and @OreOduba kick off the biggest ever night of @sportrelief! Ô∏è‚öΩÔ∏è‚ú®üö¥üéâ‚Ä¶ https://t.co/tgbpC76heP",23,@BBC
0.0,Fri Mar 23 17:02:01 +0000 2018,0.0,1.0,0.0,"Your week, as told by @louistheroux. üìÜüòÇ
https://t.co/Ae6bDBpIBW",24,@BBC
0.0,Fri Mar 23 16:27:45 +0000 2018,0.0,1.0,0.0,"RT @BBCWales: A #DanceForParkinsons session with @ndcwales for @GetCreativeUK in #Cardiff this week 

Find out what‚Äôs happening on the fina‚Ä¶",25,@BBC
0.7783,Fri Mar 23 16:00:12 +0000 2018,0.0,0.714,0.286,"Meet Australian maths teacher Eddie Woo, who has won fans worldwide with his high-energy lessons, posted on YouTube‚Ä¶ https://t.co/vTfNDZzA3b",26,@BBC
-0.4479,Fri Mar 23 14:33:40 +0000 2018,0.172,0.828,0.0,"RT @BBCOne: No @andy_murray, this is not a dream. @GeriHalliwell really IS in your bedroom making you sing Spice Girls songs üé§

@sportrelie‚Ä¶",27,@BBC
0.5994,Fri Mar 23 14:03:08 +0000 2018,0.0,0.813,0.187,These beautiful photographs reveal how refugees in Tyneside have turned to the healing powers of gardening. üåøüì∏‚Ä¶ https://t.co/2gq0t9FnIR,28,@BBC
-0.4767,Fri Mar 23 14:00:02 +0000 2018,0.129,0.871,0.0,"How would you react if you woke up and found Michael McIntyre and Peppa Pig in your bedroom? 

Poor @AndyMurray‚Ä¶

S‚Ä¶ https://t.co/7ZP0hUYeKr",29,@BBC
0.6114,Fri Mar 23 13:33:04 +0000 2018,0.0,0.8,0.2,Spring is here! üå±üå∏ü•¶ Make the most of seasonal ingredients with these delicious soup recipes. https://t.co/fXp7eJXoJc https://t.co/hA1b2bdSrd,30,@BBC
0.4939,Fri Mar 23 13:03:02 +0000 2018,0.0,0.741,0.259,"Want to get creative this weekend? Here's how to make a hooky rug. 
#MakeCraftBritain 
https://t.co/uqibyP09s7",31,@BBC
0.0,Fri Mar 23 11:42:55 +0000 2018,0.0,1.0,0.0,RT @BBCSport: He was one of English football's first black players and the British Army's first ever black officer to command white troops.‚Ä¶,32,@BBC
-0.2006,Fri Mar 23 11:42:51 +0000 2018,0.139,0.754,0.107,RT @BBCRadio2: üëª ‚ÄúI thought the script was really frightening and original.‚Äù Martin Freeman chats to @achrisevans about his creepy new film‚Ä¶,33,@BBC
0.0,Fri Mar 23 11:42:48 +0000 2018,0.0,1.0,0.0,RT @BBCTwo: Our entire weekend plans. üò¥üëá #BigCatsAboutTheHouse https://t.co/vl0zUcCdmI,34,@BBC
0.3612,Fri Mar 23 11:42:43 +0000 2018,0.0,0.872,0.128,"RT @sportrelief: It looks like #TeamGryffindor are storming ahead in the #HogwartsLeague in the #SportRelief app. 

#TeamHufflepuff, #TeamS‚Ä¶",35,@BBC
0.2648,Fri Mar 23 11:30:05 +0000 2018,0.0,0.897,0.103,‚òïÔ∏èüç∞Some blueberry muffins sold by cafes and supermarkets contain more than the recommended daily intake of sugar fo‚Ä¶ https://t.co/9bh6K8aMH2,36,@BBC
-0.6016,Fri Mar 23 10:33:01 +0000 2018,0.187,0.813,0.0,"Friday night is CELEBRITY FIGHT NIGHT! ü•äü•ä

Who'll be victorious? Tune in to #SportRelief to find out!

https://t.co/9ZhgNGmxOD",37,@BBC
0.8555,Fri Mar 23 10:03:03 +0000 2018,0.0,0.657,0.343,"Scrolling through headlines, the world can feel like a pretty dark place. So here are nine reasons to be happy. üòä üéâ‚Ä¶ https://t.co/KrNoB0qaqC",38,@BBC
0.765,Fri Mar 23 09:30:03 +0000 2018,0.0,0.583,0.417,"Would you want secret helpers like these to help you out in nerve-wracking situations? #TheSecretHelpers 
https://t.co/ua2X4vxKR3",39,@BBC
0.0,Fri Mar 23 08:33:01 +0000 2018,0.0,1.0,0.0,"Meet the first polar bear cub to be born in the UK in 25 years. üòç
https://t.co/njq1r6eONE",40,@BBC
0.1511,Thu Mar 22 21:39:27 +0000 2018,0.0,0.85,0.15,"RT @BBCOne: All hail queen Kat! üôåüëë 

#EastEnders @BBCEastenders https://t.co/PLmAc53L6t",41,@BBC
0.2732,Thu Mar 22 21:30:01 +0000 2018,0.0,0.884,0.116,"Istanbul's Blue Mosque looks spectacular. @wmarybeard looks at the art, meaning and significance of calligraphy the‚Ä¶ https://t.co/Mv3voUkcvc",42,@BBC
0.0,Thu Mar 22 21:20:05 +0000 2018,0.0,1.0,0.0,üñã The artist reimagining Islamic calligraphy for the 21st Century: https://t.co/wgbVwZLDEa #Civilisations https://t.co/nxW6Sokjdn,43,@BBC
-0.6486,Thu Mar 22 20:30:01 +0000 2018,0.202,0.798,0.0,"In 1918, the very first signs of the Spanish Flu pandemic were kept under wraps. So how did the deadly illness get‚Ä¶ https://t.co/zuZryXLihL",44,@BBC
0.0,Thu Mar 22 19:04:04 +0000 2018,0.0,1.0,0.0,Go behind-the-scenes at @TheBigCatSanct where expert Giles Clark is hand-rearing a jaguar cub. üêæ‚Ä¶ https://t.co/0hDQP6X1wA,45,@BBC
0.0516,Thu Mar 22 18:30:09 +0000 2018,0.159,0.625,0.216,"Tai chi has been recommended to help people with the chronic pain condition fibromyalgia. 

https://t.co/uYDlKfWbt7 https://t.co/Y7P9ceP82j",46,@BBC
-0.25,Thu Mar 22 17:33:04 +0000 2018,0.083,0.917,0.0,"The cost of living alone, rather than living as a couple, is more than ¬£1000 a year. üíîüè†

This is the price of being‚Ä¶ https://t.co/udzI9xGci6",47,@BBC
0.0,Thu Mar 22 17:03:54 +0000 2018,0.0,1.0,0.0,.@ManUtd have applied to have a professional women's team. ‚öΩÔ∏è https://t.co/rxzdRsDhUd https://t.co/meO65NRCtm,48,@BBC
0.128,Thu Mar 22 17:03:05 +0000 2018,0.092,0.795,0.113,"Worried about your impact on the planet? üåçüíö

This is how to make your next holiday more eco-friendly. ‚ôªÔ∏èüå¥

üëâ‚Ä¶ https://t.co/wCmDZJledV",49,@BBC
-0.4753,Thu Mar 22 16:04:06 +0000 2018,0.128,0.872,0.0,"Think twice before you throw your kitchen waste in the bin! Here's how to grow plants from kitchen scraps. ü•ïü•îüçé

üëâ‚Ä¶ https://t.co/MMgrC8yseG",50,@BBC
0.4184,Thu Mar 22 15:00:43 +0000 2018,0.0,0.859,0.141,"RT @mixital: üó°Ô∏èNew #DoctorWho writing challenge!üó°Ô∏è
Write a story featuring Rory Williams! Share it with us here: https://t.co/zW42ZnvJnc

#‚Ä¶",51,@BBC
-0.9168,Thu Mar 22 15:00:01 +0000 2018,0.385,0.615,0.0,"Could you name the disaster that killed the most people in the last 100 years?

Contagion! The BBC Four Pandemic |‚Ä¶ https://t.co/10zHfD8PHT",52,@BBC
0.6705,Thu Mar 22 14:30:10 +0000 2018,0.1,0.594,0.306,"üé∂Some musicians love doing them, others don‚Äôt.

Seven secretive musicians who like to avoid interviews:‚Ä¶ https://t.co/7Rm55Ddynj",53,@BBC
0.4215,Thu Mar 22 13:53:48 +0000 2018,0.0,0.882,0.118,"RT @BBCEarth: Today is #WorldWaterDay. This teen has an ingenious way to test the safety of water around the world 
@BBC_Future https://t.c‚Ä¶",54,@BBC
-0.4767,Thu Mar 22 13:33:04 +0000 2018,0.129,0.871,0.0,"Has @chrishughes_22 read any of his own book? üòÇü§¶

Here's what he confessed when he took on @BBCR1's fake lie detect‚Ä¶ https://t.co/tVaKesbKQ1",55,@BBC
0.0,Thu Mar 22 13:14:13 +0000 2018,0.0,1.0,0.0,Secret Universe: The Hidden Life of the Cell is on @BBCFOUR tonight at 8pm. üî¨ https://t.co/PVf4thZOb3,56,@BBC
-0.7184,Thu Mar 22 13:02:00 +0000 2018,0.24,0.76,0.0,A battle is raging in your body right now. This is how the TRIM 21 protein defends your cells from viruses. https://t.co/XUAPbRS4j5,57,@BBC
-0.4404,Thu Mar 22 12:30:10 +0000 2018,0.132,0.868,0.0,"üé∂üé§Footloose, Fleetwood Mac's Rumours and Le Freak are among the classic records about to enter the US National Reco‚Ä¶ https://t.co/gDLNOmNLhY",58,@BBC
0.5423,Thu Mar 22 11:30:17 +0000 2018,0.0,0.811,0.189,"Meet the five artists who have been shortlisted for the ¬£30,000 Hepworth sculpture award. https://t.co/1UGe2zQlDT https://t.co/MwWxUZWAhs",59,@BBC
0.0,Thu Mar 22 10:58:34 +0000 2018,0.0,1.0,0.0,"RT @bbcwritersroom: Check out an interview with the #writer of #TheAssassinationofGianniVersace @tomrobsmith on our blog
https://t.co/m5rty‚Ä¶",60,@BBC
-0.5994,Thu Mar 22 10:49:54 +0000 2018,0.245,0.755,0.0,RT @bbcthree: 'I was the only female in a violent all-male gang' https://t.co/NjF720J71M https://t.co/k7T0PqyuiG,61,@BBC
-0.296,Thu Mar 22 10:30:09 +0000 2018,0.216,0.784,0.0,üì±Can social media stop you getting a job? https://t.co/M9uTa8vMHA https://t.co/LwXJCGgW0b,62,@BBC
0.0,Thu Mar 22 09:54:21 +0000 2018,0.0,1.0,0.0,RT @bbcpress: 50 classic cookery shows served up on @BBCiPlayer this Easter: https://t.co/RbyjFq6Dsj https://t.co/Hvt1m1dhpU,63,@BBC
0.0,Thu Mar 22 09:33:03 +0000 2018,0.0,1.0,0.0,"Come on, who doesn't say ""xylophone"" on a daily basis? üòÇüìö@daraobriain #LiveAtTheApollo

https://t.co/5k1yKuwpzA",64,@BBC
-0.3612,Thu Mar 22 08:33:02 +0000 2018,0.185,0.815,0.0,"Tantrums are inevitable... üòæüò≥This is how you raise a baby jaguar. #BigCatsAboutTheHouse

https://t.co/4mBf6xmvOr",65,@BBC
0.0,Wed Mar 21 20:56:41 +0000 2018,0.0,1.0,0.0,"RT @BBCSport: John Bishop‚Äôs on a one man mission to World Cup victory for @SportRelief!

Keep an eye out here for Geoff Hurst's 'dab' üò≥ü§£üôå‚Ä¶",66,@BBC
-0.1154,Wed Mar 21 20:51:06 +0000 2018,0.079,0.921,0.0,"""I felt vulnerable but now I feel empowered.‚Äù

25-year-old rapper Paigey Cakey had a hair transplant after her hair‚Ä¶ https://t.co/fGoueTbzyQ",67,@BBC
0.0,Wed Mar 21 20:03:04 +0000 2018,0.0,1.0,0.0,"Watch as @ZoeTheBall attempts to cycle over 300 miles, to raise awareness about mental health and raise money for‚Ä¶ https://t.co/qGcCT8wLSt",68,@BBC
-0.5994,Wed Mar 21 19:03:04 +0000 2018,0.163,0.837,0.0,"Who were my parents - and why was I left on a hillside to die? 

After a life full of questions, Anthea finally has‚Ä¶ https://t.co/5fEma0vgfw",69,@BBC
0.4249,Wed Mar 21 17:03:04 +0000 2018,0.0,0.865,0.135,"üòçüç´You really can't go wrong with a recipe from Mary Berry. 

‚ù§Ô∏èÔ∏èüç∞ Here are some of @BBCFood's favourites. üëâ‚Ä¶ https://t.co/svyK73KV0o",70,@BBC
0.4939,Wed Mar 21 16:30:07 +0000 2018,0.0,0.868,0.132,"Is it too late to save the oceans from plastic? ü¶à

Go behind the scenes of the documentary Sir David Attenborough c‚Ä¶ https://t.co/SjXbB6OZAN",71,@BBC
0.4019,Wed Mar 21 16:29:54 +0000 2018,0.0,0.886,0.114,"RT @bbcmusic: Anne-Marie, Kylie Minogue, Ladysmith Black Mambazo and more have been added to the lineup for The Queen's Birthday Party conc‚Ä¶",72,@BBC
0.0,Wed Mar 21 15:59:03 +0000 2018,0.0,1.0,0.0,"Fictional locations such as Narnia, Gotham City and Neverland have mysteriously appeared on road signs in Oxfordshi‚Ä¶ https://t.co/3NzQqfNNux",73,@BBC
-0.0516,Wed Mar 21 14:03:03 +0000 2018,0.054,0.946,0.0,"üé∂ Did you know that @DBtodomundo was asked to leave his school choir? 

üìª Here are 11 things we learned from the Ta‚Ä¶ https://t.co/tusEZQgIbG",74,@BBC
0.0,Wed Mar 21 13:30:02 +0000 2018,0.0,1.0,0.0,What did students think when the BBC transported them to places they never thought possible? #ForReal‚Ä¶ https://t.co/KFgZaE3PXi,75,@BBC
0.0,Wed Mar 21 13:03:01 +0000 2018,0.0,1.0,0.0,"Almost 1,000 sausage dogs have taken part in a dachshund dash! üê∂‚ù§Ô∏èÔ∏èüêæ

https://t.co/SMYaziJUrq",76,@BBC
0.1779,Wed Mar 21 12:33:01 +0000 2018,0.0,0.909,0.091,"Ruben is a star of @cbbc's #TheDumpingGround and has Down's Syndrome.

Growing up with a disability could have been‚Ä¶ https://t.co/lNo1Pa2wTu",77,@BBC
0.8271,Wed Mar 21 11:46:05 +0000 2018,0.0,0.661,0.339,The annual Marmalade Festival held at the weekend is one of the UK's many festivals dedicated solely to a particula‚Ä¶ https://t.co/I75Ufx17Gq,78,@BBC
0.0,Wed Mar 21 11:03:01 +0000 2018,0.0,1.0,0.0,"Spring has officially sprung! üå∫üå∑üå∏üå±üåª

https://t.co/fAZSeVV8Oo",79,@BBC
0.4003,Wed Mar 21 10:03:03 +0000 2018,0.0,0.856,0.144,"""I've just had a haircut so I now look ninety-nine-and-a-half!"" üíÅüéâ‚ù§Ô∏èÔ∏è

A 100-year-old called Sadie has shared the s‚Ä¶ https://t.co/X9QbWw0Ey0",80,@BBC
0.0,Wed Mar 21 09:58:25 +0000 2018,0.0,1.0,0.0,"RT @BBC_Teach: On #WorldPoetryDay let us know which your class‚Äô favourite poem and/or poet?

Is it one of these? üëáüëâ¬†https://t.co/qtn7IPXDFH‚Ä¶",81,@BBC
0.34,Wed Mar 21 09:58:01 +0000 2018,0.082,0.776,0.142,RT @bbcthree: This inspirational teacher overcame his stammer and is now showing his students how to do the same. https://t.co/JMAWR0conA,82,@BBC
0.7845,Wed Mar 21 09:57:49 +0000 2018,0.0,0.566,0.434,RT @bbcthree: This Country winning their 3rd award üèÜüèÜüèÜ #RTSAwards https://t.co/oBdg1KruHK,83,@BBC
0.5994,Wed Mar 21 09:57:28 +0000 2018,0.0,0.837,0.163,"RT @bbcpress: Four new dramas announced for @BBCOne from writers Marnie Dickens (#Thirteen), Levi David Addai (#Damilola, Our Loved Boy), B‚Ä¶",84,@BBC
0.4574,Wed Mar 21 09:57:09 +0000 2018,0.0,0.885,0.115,RT @BBCOne: #EastEnders is back on Thursday with a special double bill at 7.30pm and 9pm on @BBCOne! And you know what that means‚Ä¶ https://‚Ä¶,85,@BBC
0.7125,Wed Mar 21 09:33:01 +0000 2018,0.0,0.709,0.291,"‚õàüå§üòÇ @AlanCarr responds to those weather forecasters that LOVE a bit of drama. 
https://t.co/T9gpTdqDt3",86,@BBC
0.0,Wed Mar 21 09:03:05 +0000 2018,0.0,1.0,0.0,"üåªüåªüåª Did you know that the head of a sunflower is built of up to 2000 flowers? 

üìªüëâ https://t.co/aIWLu7AQES https://t.co/gNmcaG1ri5",87,@BBC
0.9336,Wed Mar 21 08:02:03 +0000 2018,0.0,0.438,0.562,"Wow! 19-year-old Justice Osei from Ghana has an amazing talent for imitating animals. üêäüê¢üêíü¶áüêáüêøüêìüêëüê∏ü¶Üü¶é
https://t.co/UZqeSyzsQB",88,@BBC
0.0,Tue Mar 20 19:48:04 +0000 2018,0.0,1.0,0.0,"This #WorldFrogDay, why not try making an origami jumping frog with @BBCTaster's step-by-step tutorial? üê∏‚Ä¶ https://t.co/jjMqUND883",89,@BBC
0.0,Tue Mar 20 19:03:04 +0000 2018,0.0,1.0,0.0,"Michael Portillo travels across India guided by Bradshaw's 1913 Handbook of Indian, Foreign and Colonial Travel. üáÆüá≥‚Ä¶ https://t.co/4WG0esDk8m",90,@BBC
-0.3859,Tue Mar 20 18:33:01 +0000 2018,0.16,0.768,0.071,"Can you watch this without laughing? üòπüîä You'll want your sound on for this! #InternationalDayOfHappiness

https://t.co/vA5yr0PCC5",91,@BBC
0.34,Tue Mar 20 17:33:03 +0000 2018,0.102,0.738,0.16,"Professor Stephen Hawking's funeral will take place in Cambridge - ""the city that he loved so much and which loved‚Ä¶ https://t.co/LHh0Nfeh6U",92,@BBC
0.0,Tue Mar 20 17:03:01 +0000 2018,0.0,1.0,0.0,"Un-bee-lievable! üêùüòç Meet the woman who kept a bee as a pet. 
https://t.co/5zRxWpSGOH",93,@BBC
0.0,Tue Mar 20 16:05:04 +0000 2018,0.0,1.0,0.0,"Arise, Sir Ringo! üéñüé∂@thebeatles drummer @ringostarrmusic has been knighted for his services to music.‚Ä¶ https://t.co/OQLixgO2Zi",94,@BBC
0.0,Tue Mar 20 15:33:03 +0000 2018,0.0,1.0,0.0,The first polar bear cub to be born in the UK for 25 years has emerged from his den at Scotland's Highland Wildlife‚Ä¶ https://t.co/WZLoy2mz7y,95,@BBC
0.4084,Tue Mar 20 15:03:02 +0000 2018,0.0,0.868,0.132,"'Everybody has a voice'. ‚ù§Ô∏èÔ∏èüé∂

Rugby legends JPR Williams and JJ Williams visit @FMNChorus and the BBC National Cho‚Ä¶ https://t.co/myuIpumZnL",96,@BBC
0.6369,Tue Mar 20 14:24:06 +0000 2018,0.0,0.741,0.259,üì∏The best pictures from the 2018 Paralympic Winter Games in Pyeongchang: https://t.co/w8dYDPHkAw https://t.co/0SVnupv9rB,97,@BBC
0.0,Tue Mar 20 14:03:04 +0000 2018,0.0,1.0,0.0,Prince Harry and Meghan Markle have chosen an organic lemon and elderflower cake for their wedding in May. üç∞üçãüíç‚Ä¶ https://t.co/H7dWlxmYcR,98,@BBC
0.2235,Tue Mar 20 13:16:25 +0000 2018,0.0,0.881,0.119,"RT @BBCWalesNews: üéüüéûüçøCinema makes maths class an offer they can't refuse
Full story: https://t.co/Uwg6NTRFVF https://t.co/hr4dglHIu3",99,@BBC
0.5399,Sat Mar 24 22:46:53 +0000 2018,0.0,0.801,0.199,RT @MomCBS: That's a wrap on the #Mom panel at #PaleyFest! Thanks for following along! https://t.co/we4JgqPt6P,0,@CBS
-0.34,Sat Mar 24 22:46:43 +0000 2018,0.185,0.7,0.115,RT @MomCBS: A fan just commented that #Mom helped bring him out of a deep depression. üíúüíúüíú #PaleyFest,1,@CBS
0.7003,Sat Mar 24 22:25:03 +0000 2018,0.0,0.791,0.209,"RT @MomCBS: ""Go out for it anyway. If you're good for the role, you're good for the role."" @theJaimePressly's advice for aspiring actors wi‚Ä¶",2,@CBS
0.0,Sat Mar 24 22:21:37 +0000 2018,0.0,1.0,0.0,RT @MomCBS: Mom Co-Creator @GemmaRBaker just pointed out her own #Mom in the audience at #PaleyFest! üíú,3,@CBS
0.0,Sat Mar 24 22:21:34 +0000 2018,0.0,1.0,0.0,"RT @MomCBS: ""I'm not someone in recovery who goes to AA, but I have taken so much away from it...to take one day at a time."" - @theJaimePre‚Ä¶",4,@CBS
0.7184,Sat Mar 24 22:21:26 +0000 2018,0.0,0.667,0.333,"RT @MomCBS: ""You get to appreciate working with such talented people."" - @AnnaKFaris #Mom #PaleyFest",5,@CBS
0.9451,Sat Mar 24 22:21:23 +0000 2018,0.0,0.58,0.42,RT @MomCBS: ‚ÄúI love this job. I love working with these women. I love working in front of the live audience‚Ä¶ It‚Äôs alive and it‚Äôs fun.‚Äù - @A‚Ä¶,6,@CBS
0.0,Sat Mar 24 20:00:02 +0000 2018,0.0,1.0,0.0,"Get on your feet for @Jason_Aldean, @ThomasRhett, @ChrisStapleton, @KeithUrban, and @ChrisYoungMusic, the five nomi‚Ä¶ https://t.co/oT5ogjdj4x",7,@CBS
0.6996,Fri Mar 23 22:33:52 +0000 2018,0.0,0.806,0.194,Get ready for some sweet games! Stream #5 Clemson vs #1 Kansas LIVE at 7PM ET and #11 Syracuse vs #2 Duke LIVE at 9‚Ä¶ https://t.co/4WstgrKNnW,8,@CBS
0.4939,Fri Mar 23 22:33:04 +0000 2018,0.0,0.686,0.314,RT @SEALTeamCBS: In honor of #NationalPuppyDay... üòç #SEALTeam https://t.co/4mIZPpiRlU,9,@CBS
0.8997,Fri Mar 23 22:32:48 +0000 2018,0.0,0.645,0.355,"RT @HawaiiFive0CBS: Nothing like a man and his dog! üòçüê∂ Happy #NationalPuppyDay to Eddie, the best pup on the Five-0 Task Force! #H50 https:‚Ä¶",10,@CBS
0.0,Thu Mar 22 22:10:29 +0000 2018,0.0,1.0,0.0,Game on! 16 teams left and the race to the finish continues tonight. Stream #11 Loyola-Chicago vs #7 Nevada LIVE at‚Ä¶ https://t.co/W374rmzzoC,11,@CBS
0.7081,Thu Mar 22 20:52:02 +0000 2018,0.066,0.623,0.311,Save the date! These are season finales you do NOT want to miss. RT if you're excited! https://t.co/UUQoWsPPSh https://t.co/cDl4WmxMtU,12,@CBS
0.636,Thu Mar 22 00:23:38 +0000 2018,0.0,0.802,0.198,Congratulations to all of the @CBSDaytime nominees for the #DaytimeEmmys! See the full list of #DaytimeEmmy nominee‚Ä¶ https://t.co/ivJVJWvfsf,13,@CBS
0.0,Wed Mar 21 18:00:01 +0000 2018,0.0,1.0,0.0,Female Vocalist Of The Year nominee @MarenMorris will show her fans how it‚Äôs done when she takes the stage to showc‚Ä¶ https://t.co/PITjmAoFT8,14,@CBS
0.5106,Tue Mar 20 20:00:01 +0000 2018,0.0,0.858,0.142,The legendary @Reba returns to host the 53rd #ACMawards and she‚Äôs proving just how comfortable she is behind the mi‚Ä¶ https://t.co/XPXcSPRXqC,15,@CBS
0.0,Tue Mar 20 17:58:43 +0000 2018,0.0,1.0,0.0,RT @nancyodell: Told my daughter I'd be presenting at @ACMawards again this year. (Woot woot!We both luv country music!)She took this pic o‚Ä¶,16,@CBS
0.5562,Tue Mar 20 16:52:42 +0000 2018,0.0,0.826,0.174,RT @ladyantebellum: Ecstatic to announce we'll be performing at the #ACMawards in Las Vegas again this year! https://t.co/Qfhs94j6FR,17,@CBS
0.0,Tue Mar 20 16:11:00 +0000 2018,0.0,1.0,0.0,"Country superstars @kennychesney, @ladyantebellum, @blakeshelton, and @KeithUrban have just been added to the stell‚Ä¶ https://t.co/bJ4If7MacP",18,@CBS
0.7845,Mon Mar 19 21:02:26 +0000 2018,0.072,0.619,0.309,"RT @YandR_CBS: Forever evolving, Forever inspiring, Forever Young and Restless. ‚ù§Ô∏è Get ready to celebrate 45 years of #YR starting in just‚Ä¶",19,@CBS
0.0,Sun Mar 18 23:44:30 +0000 2018,0.0,1.0,0.0,New start times in East/Central Time Zones: #60Minutes 7:37ET/6:37CT #Instinct series premiere 8:37ET/7:37CT‚Ä¶ https://t.co/xT3YKqmu2M,20,@CBS
0.6514,Sun Mar 18 18:05:43 +0000 2018,0.0,0.787,0.213,Spend your Sunday streaming Second Round games LIVE with a FREE trial of CBS All Access! https://t.co/3P85rXLy4b https://t.co/zbWfirD9Ju,21,@CBS
0.1867,Sun Mar 18 17:09:53 +0000 2018,0.0,0.92,0.08,"RT @instinctcbs: TONIGHT, Dr. Dylan Reinhart rewrites the book on abnormal behavior. Don't miss the premiere of #Instinct at 8/7c! https://‚Ä¶",22,@CBS
0.0,Sat Mar 17 19:00:02 +0000 2018,0.0,1.0,0.0,"If any duo knows how to rock the stage, it's @FLAGALine. The Vocal Duo Of The Year nominee will perform live at the‚Ä¶ https://t.co/FknabB8NQp",23,@CBS
0.6166,Sat Mar 17 17:42:43 +0000 2018,0.0,0.839,0.161,How is your bracket looking after last night? Stream Second Round games LIVE today with a FREE trial of CBS All Acc‚Ä¶ https://t.co/25JlIpgwog,24,@CBS
0.7096,Sat Mar 17 14:00:03 +0000 2018,0.0,0.753,0.247,Where better to spend #StPatricksDay than the place everybody knows your name? It‚Äôs just your luck that every singl‚Ä¶ https://t.co/Fom5wmdENL,25,@CBS
0.296,Fri Mar 16 22:53:21 +0000 2018,0.0,0.896,0.104,Stars @JakeMcDorman and Nik Dodani will join the cast in the upcoming revival of Murphy Brown coming to CBS.‚Ä¶ https://t.co/JCAx29lo0i,26,@CBS
0.0,Fri Mar 16 18:15:53 +0000 2018,0.0,1.0,0.0,"RT @thegoodfight: Go behind the scenes with costume designer @DanLawsonStyle in ""Behind The Style,"" a new weekly video series all about the‚Ä¶",27,@CBS
0.6514,Fri Mar 16 16:28:40 +0000 2018,0.0,0.822,0.178,The games have just begun! Continue to stream First Round games LIVE today with a FREE trial of CBS All Access:‚Ä¶ https://t.co/YTGsJ48zYP,28,@CBS
0.7088,Thu Mar 15 17:54:06 +0000 2018,0.0,0.763,0.237,"RT @TheTalkCBS: You asked, we answered! The fun never ends when the ladies #KeepTalking and answer your fan questions üó£üí¨‚û°Ô∏è https://t.co/ie1‚Ä¶",29,@CBS
-0.4939,Thu Mar 15 17:20:26 +0000 2018,0.157,0.766,0.077,RT @instinctcbs: Dr. Dylan Reinhart is lured back into the field from his life of quiet academia when a certain serial killer makes things‚Ä¶,30,@CBS
0.6514,Thu Mar 15 16:42:41 +0000 2018,0.0,0.806,0.194,Stream First Round games LIVE today starting at 12PM ET with a FREE trial of CBS All Access! https://t.co/3P85rXLy4b https://t.co/vZow3YD8cb,31,@CBS
0.6115,Thu Mar 15 14:32:16 +0000 2018,0.0,0.734,0.266,RT @CBSSports: It's the most wonderful time of the year. #MarchMadness https://t.co/e4c9qohqSR,32,@CBS
0.6696,Wed Mar 14 19:30:01 +0000 2018,0.0,0.781,0.219,"Give these ladies some love! @Lauren_Alaina, @DBradbery, @carlypearce, and @RaeLynn are nominated for New Female Vo‚Ä¶ https://t.co/IVhwURfJ3S",33,@CBS
0.3612,Tue Mar 13 18:48:52 +0000 2018,0.0,0.857,0.143,"RT @ManWithAPlan: Hungry for more #ManWithAPlan bloopers and behind-the-scenes videos featuring cast like @matt_leblanc, @thelizasnyder, @k‚Ä¶",34,@CBS
0.539,Tue Mar 13 14:15:10 +0000 2018,0.0,0.821,0.179,"Music stars @MileyCyrus, @edsheeran, @ladygaga, and more will honor the legendary @eltonofficial and his hit songs‚Ä¶ https://t.co/UzxARCCLnI",35,@CBS
0.2244,Mon Mar 12 18:13:28 +0000 2018,0.0,0.917,0.083,RT @thegoodfight: The verdict is in. The new season of #TheGoodFight is üî•üî•üî•! Stream it now on CBS All Access: https://t.co/FkYSNSXlRb https‚Ä¶,36,@CBS
0.0,Mon Mar 12 01:20:43 +0000 2018,0.0,1.0,0.0,"RT @MadamSecretary: In less than an hour, #MadamSecretary's Keith Carradine will be taking over the @MadamSecretary Twitter page! Tweet alo‚Ä¶",37,@CBS
0.4926,Fri Mar 09 22:48:26 +0000 2018,0.0,0.883,0.117,RT @DierksBentley: Take and post a photo of the woman in your life who inspires you daily! Use the hashtag #WomanAmenACM in your post for a‚Ä¶,38,@CBS
0.1275,Fri Mar 09 22:24:20 +0000 2018,0.092,0.795,0.113,"RT @MomCBS: If you missed guest star @KChenoweth in the latest episode of #Mom, not to worry! Watch now: https://t.co/RlvXoGOZ0l https://t.‚Ä¶",39,@CBS
0.4215,Fri Mar 09 21:10:21 +0000 2018,0.0,0.823,0.177,"Give a round of applause to @KelseaBallerini, @MirandaLambert, @Reba, @MarenMorris, and @CarrieUnderwood, the five‚Ä¶ https://t.co/Ncp1BTXx6N",40,@CBS
0.8658,Fri Mar 09 18:27:28 +0000 2018,0.0,0.553,0.447,"RT @thegoodfight: Smart, sexy, and sophisticated. See what's coming this season on #TheGoodFight. https://t.co/CuKhx2G50P https://t.co/ygTI‚Ä¶",41,@CBS
0.0,Fri Mar 09 16:02:27 +0000 2018,0.0,1.0,0.0,RT @BlueBloods_CBS: Even stand-up guys fall down sometimes. #BlueBloods is new tonight at 10/9c! https://t.co/UOlDm22wWW,42,@CBS
0.8625,Thu Mar 08 18:00:49 +0000 2018,0.0,0.664,0.336,Today and every day we celebrate the women in our lives who empower and inspire us. Share a story about an¬†influent‚Ä¶ https://t.co/9rVtqrElvT,43,@CBS
0.4926,Thu Mar 08 17:03:04 +0000 2018,0.0,0.868,0.132,Take and post a photo of the woman in your life who inspires you daily! Use the hashtag #WomanAmenACM in your post‚Ä¶ https://t.co/7ShhvE48zy,44,@CBS
-0.2023,Wed Mar 07 18:39:10 +0000 2018,0.23,0.619,0.15,"RT @thegoodfight: Meticulously constructed. Soapy &amp; sexy. Intoxicating, savage television. üî• Here's what critics are saying about #TheGoodF‚Ä¶",45,@CBS
0.0,Wed Mar 07 17:06:02 +0000 2018,0.0,1.0,0.0,"This just in! @Jason_Aldean, @mirandalambert, @LukeBryanOnline, and many more are set to perform at the 53rd Academ‚Ä¶ https://t.co/mfxw2VxzU4",46,@CBS
0.6705,Tue Mar 06 18:10:59 +0000 2018,0.0,0.756,0.244,"Meet the ensemble of talented actors slated to join $1, a new mystery series coming to CBS All Access:‚Ä¶ https://t.co/QoyYv7vxwg",47,@CBS
0.3818,Mon Mar 05 22:16:43 +0000 2018,0.0,0.833,0.167,"Will @Jason_Aldean, @garthbrooks, @LukeBryanOnline, @ChrisStapleton, or @KeithUrban be named Entertainer Of The Yea‚Ä¶ https://t.co/rMD8zjeX3s",48,@CBS
0.4404,Sun Mar 04 08:05:26 +0000 2018,0.0,0.884,0.116,"RT @thegoodfight: It feels good to be back. üë†üíÑüî• The season 2 premiere of #TheGoodFight is now streaming, exclusively on CBS All Access: htt‚Ä¶",49,@CBS
0.0,Sat Mar 03 20:55:20 +0000 2018,0.0,1.0,0.0,"RT @thegoodfight: Tomorrow, #TheGoodFight is back. Stream the season 2 premiere only on CBS All Access: https://t.co/tNFR8LBJO2 https://t.c‚Ä¶",50,@CBS
0.7096,Fri Mar 02 22:30:01 +0000 2018,0.0,0.753,0.247,"Who are the trailblazing women in your life that inspire you? Join CBS and the ANA's #SeeHer initiative, celebratin‚Ä¶ https://t.co/M0KqZ41Bes",51,@CBS
0.7096,Fri Mar 02 20:30:01 +0000 2018,0.0,0.718,0.282,"Join @maria_bello, @aishatyler and @TeaLeoni in celebrating the accomplishments of women who have contributed to th‚Ä¶ https://t.co/MefESBeFL3",52,@CBS
0.4939,Fri Mar 02 18:45:00 +0000 2018,0.0,0.849,0.151,"In honor of Women's History Month, CBS and the Association of National Advertisers' (ANA) #SeeHer initiative will p‚Ä¶ https://t.co/2wtYxKJVuO",53,@CBS
-0.6981,Thu Mar 01 18:59:01 +0000 2018,0.21,0.79,0.0,RT @ZoeListerJones: Tonight‚Äôs an all new Life In Pieces and it‚Äôs directed by my ride or die @nataliaanderson!!!‚Ä¶ https://t.co/2LPfmyLWrY,54,@CBS
0.4547,Thu Mar 01 18:12:57 +0000 2018,0.092,0.749,0.159,"RT @MarenMorris: Hot damn! Woke up from my post-wisdom teeth haze to find out I‚Äôm up for 4 @ACMawards ! So honored, especially for the Dear‚Ä¶",55,@CBS
0.8591,Thu Mar 01 18:11:50 +0000 2018,0.0,0.462,0.538,RT @KelseaBallerini: Ohhhhh goodness. Incredible. Thank you thank you thank you. #female https://t.co/1ZTYjNfQeF,56,@CBS
0.4885,Thu Mar 01 18:10:50 +0000 2018,0.151,0.615,0.234,RT @KeithUrban: ACMs...... HOLY SMOKES!!!!! MAD LOVE TO U ALL THIS MORNING  FOR THESE INCREDIBLE NOMINATIONS. I‚ÄôM EXTREMELY GRATEFUL!!!!!!!‚Ä¶,57,@CBS
0.5994,Thu Mar 01 14:36:21 +0000 2018,0.0,0.822,0.178,"RT @ACMawards: Congratulations to this year‚Äôs #ACMawards Video of the Year nominees:
‚ÄúBlack‚Äù - @DierksBentley
‚ÄúIt Ain‚Äôt My Fault‚Äù - @Brothe‚Ä¶",58,@CBS
0.7717,Thu Mar 01 14:29:20 +0000 2018,0.0,0.675,0.325,"RT @ACMawards: Please give a round of applause to this year‚Äôs #ACMawards Entertainer of the Year nominees: @Jason_Aldean, @GarthBrooks, @Lu‚Ä¶",59,@CBS
0.6908,Thu Mar 01 14:15:29 +0000 2018,0.0,0.725,0.275,".@ChrisStapleton, @ThomasRhett, @mirandalambert and more are all nominated for awards at Country Music's Party of t‚Ä¶ https://t.co/Vm1vXRUDYJ",60,@CBS
0.0,Thu Mar 01 13:50:11 +0000 2018,0.0,1.0,0.0,"The Queen of Country, @Reba, is returning to host the 53rd #ACMawards on Sunday, April 15 at 8/7c. Here are a few o‚Ä¶ https://t.co/Iqzz6Gql01",61,@CBS
0.0,Thu Mar 01 01:04:52 +0000 2018,0.0,1.0,0.0,RT @survivorcbs: It‚Äôs time! #Survivor https://t.co/YPk6cGWrUA,62,@CBS
0.0,Wed Feb 28 19:56:58 +0000 2018,0.0,1.0,0.0,"RT @CBSThisMorning: TOMORROW: The nominees for the 2018 @ACMawards will be announced live by the one-and-only, @Reba! 

Watch on @CBS in ou‚Ä¶",63,@CBS
0.4404,Wed Feb 28 19:08:30 +0000 2018,0.0,0.884,0.116,"RT @thegoodfight: From the set design and costumes to hair and makeup, the production quality is truly next-level. Take a peek inside the u‚Ä¶",64,@CBS
0.5562,Tue Feb 27 03:23:47 +0000 2018,0.0,0.848,0.152,RT @LivinBiblically: The fun continues on Facebook! The #LivingBiblically cast is live to talk about tonight‚Äôs premiere. Tune in here: http‚Ä¶,65,@CBS
0.0,Mon Feb 26 22:50:32 +0000 2018,0.0,1.0,0.0,"RT @KevinCanWaitCBS: Can you get all the way through these #KevinCanWait bloopers without laughing?! @KevinJames,@LeahRemini and the rest o‚Ä¶",66,@CBS
0.0,Mon Feb 26 21:08:30 +0000 2018,0.0,1.0,0.0,"RT @ACMawards: That‚Äôs right! @Reba is headed to @CBSThisMorning on Thursday, March 1 to announce this year‚Äôs #ACMAwards' nominees. Tune in‚Ä¶",67,@CBS
0.4482,Mon Feb 26 19:53:41 +0000 2018,0.0,0.895,0.105,"RT @ScorpionCBS: You can't hack your way to a 197 IQ, but you are well on your way with these Genius Facts from #TeamScorpion! üíª You can be‚Ä¶",68,@CBS
0.784,Mon Feb 26 18:32:36 +0000 2018,0.0,0.734,0.266,RT @SuperiorDonuts: You can always count on @DavidKoechner for a laugh! Did your favorite Tush moment make the list? Catch a new #SuperiorD‚Ä¶,69,@CBS
0.9359,Mon Feb 26 18:20:16 +0000 2018,0.0,0.571,0.429,RT @TheTalkCBS: TODAY: We loved them together then &amp; we love seeing them together now! Welcome back to the show @THESaraGilbert‚Äã's good fri‚Ä¶,70,@CBS
-0.5423,Mon Feb 26 16:53:56 +0000 2018,0.184,0.816,0.0,"RT @thegoodfight: As foundations begin to crumble, our characters struggle to make sense of this new dystopian world. The cast teases what'‚Ä¶",71,@CBS
0.0,Mon Feb 26 16:52:01 +0000 2018,0.0,1.0,0.0,"#LivingBiblically's @linzkraft and @jrfergjr appeared on @KCBS's Facebook Live this morning, talking all about what‚Ä¶ https://t.co/4RebcHuuMQ",72,@CBS
0.0,Mon Feb 26 16:17:55 +0000 2018,0.0,1.0,0.0,"RT @CBSSports: Introducing CBS Sports HQ, a New 24/7 Direct-to-Consumer Streaming Network for Sports News, Highlights, &amp; Analysis.

Stream‚Ä¶",73,@CBS
0.7644,Mon Feb 26 01:12:32 +0000 2018,0.0,0.769,0.231,"RT @CBSBigBrother: It‚Äôs down to the final 5 celebrity Houseguests, and anyone could take home the grand prize! Tune in NOW to watch the #BB‚Ä¶",74,@CBS
0.0,Sun Feb 25 21:51:32 +0000 2018,0.0,1.0,0.0,RT @startrekcbs: Binge the entire first season of #StarTrekDiscovery. All episodes now streaming exclusively on CBS All Access: https://t.c‚Ä¶,75,@CBS
0.0,Sun Feb 25 21:51:22 +0000 2018,0.0,1.0,0.0,"RT @thegoodfight: #TheGoodFight returns in 1 week. Season 2 premieres Sunday, March 4. https://t.co/nomCao1GWp https://t.co/BOn6bOe9Tb",76,@CBS
0.5093,Fri Feb 23 18:15:40 +0000 2018,0.0,0.845,0.155,RT @thegoodfight: This is our new favorite thing. Christine Baranski debuted #TheGoodFight the Musical on @colbertlateshow last night! üéµüé§‚Ä¶,77,@CBS
0.0,Thu Feb 22 19:26:52 +0000 2018,0.0,1.0,0.0,"RT @LivinBiblically: Confession time: have YOU ever hit the ""close door"" button in an elevator while somebody was approaching? The cast of‚Ä¶",78,@CBS
0.0,Wed Feb 21 19:20:04 +0000 2018,0.0,1.0,0.0,RT @CBSEyeSpeak: Mark your calendars! #CBSEyeSpeak kicks off March 14 with The EYE Speak Summit. Follow our page for more details! https://‚Ä¶,79,@CBS
0.6808,Wed Feb 21 18:19:25 +0000 2018,0.0,0.752,0.248,"RT @CBSEyeSpeak: Proud to announce a new CBS initiative, promoting female empowerment and developing the next generation of leaders through‚Ä¶",80,@CBS
0.4404,Tue Feb 20 19:55:19 +0000 2018,0.0,0.884,0.116,"RT @LivinBiblically: When you're living by the Bible, it's good to have a priest and a rabbi on call (provided they answer their phones, th‚Ä¶",81,@CBS
-0.4019,Tue Feb 20 17:58:18 +0000 2018,0.119,0.881,0.0,"RT @thegoodfight: Chicago lawyers are being hunted and the world is going insane. 

The new season of #TheGoodFight premieres Sunday, March‚Ä¶",82,@CBS
0.3612,Tue Feb 20 17:39:51 +0000 2018,0.0,0.872,0.128,Ready for some larger than life competition? This new series from @MarkBurnettTV will premiere in summer 2018.‚Ä¶ https://t.co/gDXHLdIJ5v,83,@CBS
0.6124,Sat Feb 17 01:07:20 +0000 2018,0.0,0.773,0.227,"With tournament dreams on the line, make sure to stream these college basketball matchups on CBS All Access:‚Ä¶ https://t.co/SGkYUZrQWB",84,@CBS
0.3182,Fri Feb 16 18:42:43 +0000 2018,0.0,0.892,0.108,"RT @LivinBiblically: While Chip's sticking to the Bible's original rules, the cast of #LivingBiblically has given them a more modern makeov‚Ä¶",85,@CBS
0.68,Fri Feb 16 17:48:20 +0000 2018,0.0,0.752,0.248,"Casting News! Peter Mark Kendall, Michael Gaston, Greg Wise, Rade ≈†erbed≈æija, Zack Pearlman, and Keye Chen join the‚Ä¶ https://t.co/GFob2KrD8H",86,@CBS
0.8619,Wed Feb 14 19:23:27 +0000 2018,0.0,0.534,0.466,RT @BullCBS: The verdict is in...#Bull is the perfect Valentine! ‚ù§Ô∏è Happy #ValentinesDay! https://t.co/poEejI4AnC,87,@CBS
0.0,Tue Feb 13 20:03:56 +0000 2018,0.0,1.0,0.0,"RT @NoActivityCBS: Car 27 reporting: Season 2 of #NoActivity coming soon!

Binge season one now on CBS All Access: https://t.co/yvxoQMeyhN‚Ä¶",88,@CBS
0.7506,Tue Feb 13 18:54:52 +0000 2018,0.0,0.748,0.252,"RT @LivinBiblically: Against all odds (and the advice of his God Squad), Chip is determined to live life by the Good Book. Think you could‚Ä¶",89,@CBS
0.0,Mon Feb 12 18:49:45 +0000 2018,0.0,1.0,0.0,RT @thegoodfight: Christine Baranski reflects upon the spectacular metamorphosis of her character in #TheGoodFight's first season. Revisit‚Ä¶,90,@CBS
0.0,Mon Feb 12 01:32:33 +0000 2018,0.0,1.0,0.0,RT @startrekcbs: Binge the entire first season of #StarTrekDiscovery. All 15 episodes now streaming on CBS All Access: https://t.co/lKLaptP‚Ä¶,91,@CBS
0.8478,Fri Feb 09 00:50:01 +0000 2018,0.0,0.696,0.304,RT @SuperiorDonuts: Looking for a #Valentine? Tush is here to help you land your dream date just in time for the day of love! #SuperiorDonu‚Ä¶,92,@CBS
-0.5859,Thu Feb 08 16:09:35 +0000 2018,0.186,0.814,0.0,RT @CBSBigBrother: The pressure is on as the Houseguests battle each other for victory in the first HOH competition. Stream the season prem‚Ä¶,93,@CBS
0.0516,Wed Feb 07 18:35:19 +0000 2018,0.0,0.934,0.066,"RT @startrekcbs: Sunday, this season's epic journey reaches its final reckoning. Catch up before the season finale: https://t.co/4Ea5wpmAep‚Ä¶",94,@CBS
0.5574,Wed Feb 07 16:17:48 +0000 2018,0.152,0.536,0.312,"Are you a sucker for jaw-dropping talent competitions? Announcing The World's Best, a first-of-its-kind new global‚Ä¶ https://t.co/fagCMklm2Z",95,@CBS
0.0,Tue Feb 06 22:21:39 +0000 2018,0.0,1.0,0.0,"RT @BullCBS: Tonight, one of these 3 TAC employees will end up incarcerated. Who do you think it will be? Tune into a new episode of #Bull‚Ä¶",96,@CBS
0.0772,Tue Feb 06 17:05:49 +0000 2018,0.106,0.773,0.121,"RT @thegoodfight: There's no season like lawyer season. #TheGoodFight returns March 4, exclusively on CBS All Access. https://t.co/XAlrg1nB‚Ä¶",97,@CBS
0.0,Sun Feb 04 15:35:36 +0000 2018,0.0,1.0,0.0,"RT @thegoodfight: The acclaimed series returns in 1 month. #TheGoodFight is back Sunday, March 4. https://t.co/5BNLTYRd8p https://t.co/yInP‚Ä¶",98,@CBS
0.1531,Sun Feb 04 12:00:01 +0000 2018,0.0,0.882,0.118,".@KeshaRose's emotional performance with @CyndiLauper, @AndraDayMusic, @BebeRexha and @Camila_Cabello brought the a‚Ä¶ https://t.co/qpgS2e9ir0",99,@CBS
0.25,Sun Mar 25 04:30:20 +0000 2018,0.0,0.905,0.095,"""I have a dream that enough is enough. And that this should be a gun-free world. Period."" - Martin Luther King Jr.'‚Ä¶ https://t.co/QNGeEGkvMM",0,@CNN
0.0,Sun Mar 25 04:00:37 +0000 2018,0.0,1.0,0.0,"Samantha Fuentes, who was wounded in the mass shooting at Marjory Stoneman Douglas High School, asks the crowd to j‚Ä¶ https://t.co/dRFdWpk0QZ",1,@CNN
-0.7579,Sun Mar 25 03:00:17 +0000 2018,0.394,0.606,0.0,These grandmothers in Texas have had enough of gun violence https://t.co/GrjeoktRf5 https://t.co/fZtTBJKT6V,2,@CNN
0.3566,Sun Mar 25 02:30:14 +0000 2018,0.0,0.84,0.16,"George Clooney, Paul McCartney and more celebrities join March for Our Lives https://t.co/WabPC0OUEk https://t.co/EemR2GmHLv",3,@CNN
-0.7579,Sun Mar 25 02:16:16 +0000 2018,0.394,0.606,0.0,"Gun violence can happen to anybody, says singer Jennifer Hudson https://t.co/OADln4miDu https://t.co/sD7QJN9rUR",4,@CNN
0.0,Sun Mar 25 02:00:06 +0000 2018,0.0,1.0,0.0,"While others marched for their lives, these people marched for their guns https://t.co/GiGWjFDzG3 https://t.co/3TXIISsdi8",5,@CNN
0.4754,Sun Mar 25 01:45:07 +0000 2018,0.0,0.808,0.192,Some of the most powerful signs from the March for Our Lives https://t.co/DhbwVpMOlZ https://t.co/meFpCoHKht,6,@CNN
0.0,Sun Mar 25 01:30:17 +0000 2018,0.0,1.0,0.0,World Trade Center glows orange for the March for Our Lives rallies https://t.co/xO7kt2NboP https://t.co/MFbYZhnw73,7,@CNN
0.0,Sun Mar 25 01:15:03 +0000 2018,0.0,1.0,0.0,"""Keep at it. You're leading us forward. Nothing can stand in the way of millions of voices calling for change."" For‚Ä¶ https://t.co/Amnd5zbDYL",8,@CNN
0.0,Sun Mar 25 01:01:36 +0000 2018,0.0,1.0,0.0,"11-year-old Naomi Wadler says she speaks at Washington DC rally to ""represent the African-American girls whose stor‚Ä¶ https://t.co/WUwqmanlpW",9,@CNN
-0.3862,Sun Mar 25 00:45:34 +0000 2018,0.302,0.44,0.258,"""One of my best friends was killed in gun violence right around here, so it's important to me,"" says Paul McCartney‚Ä¶ https://t.co/CZfsYBXMNL",10,@CNN
-0.3412,Sun Mar 25 00:30:37 +0000 2018,0.099,0.901,0.0,"""We cannot make America safe until we arm our teachers. ... with pencils, paper and the money they need. ... to sup‚Ä¶ https://t.co/WLEW14rwG3",11,@CNN
0.0,Sun Mar 25 00:23:59 +0000 2018,0.0,1.0,0.0,(üì∑: Atilgan Ozdil/Anadolu Agency/Getty Images),12,@CNN
-0.3862,Sun Mar 25 00:15:06 +0000 2018,0.302,0.44,0.258,"""One of my best friends was killed in gun violence right around here, so it's important to me."" Former Beatle Paul‚Ä¶ https://t.co/E03daVJ6L2",13,@CNN
-0.5267,Sun Mar 25 00:13:59 +0000 2018,0.299,0.556,0.146,"Gun violence victim Jennifer Hudson on the Parkland student campaigners: ""I love so much that they're using their e‚Ä¶ https://t.co/xDLiKm1KaY",14,@CNN
-0.5267,Sat Mar 24 23:49:43 +0000 2018,0.299,0.556,0.146,"Gun violence victim Jennifer Hudson on the Parkland student campaigners: ""I love so much that they're using their e‚Ä¶ https://t.co/hKkoALRNAL",15,@CNN
-0.2883,Sat Mar 24 23:47:41 +0000 2018,0.118,0.813,0.068,"""It's not easy to keep seeing. What is it gonna be next week? Next month?"" an emotional Jennifer Hudson asks‚Ä¶ https://t.co/YhNWMRaGfG",16,@CNN
-0.7351,Sat Mar 24 23:45:26 +0000 2018,0.212,0.788,0.0,"""For people who are watching ... know that it can be anybody ... to me, the saddest thing is, no one ever reacts un‚Ä¶ https://t.co/mHXLxhqo6l",17,@CNN
0.0258,Sat Mar 24 23:45:00 +0000 2018,0.1,0.795,0.105,"At the March for Our Lives rally in Washington, Parkland survivor Emma Gonzalez weeps quietly for the majority of h‚Ä¶ https://t.co/vuywFdHAFE",18,@CNN
-0.5106,Sat Mar 24 23:37:50 +0000 2018,0.125,0.875,0.0,‚ÄúI kind of felt the pain that they (Parkland survivors) feel because at the end of the day it's not about who gets‚Ä¶ https://t.co/L2m8gSb9yS,19,@CNN
0.3612,Sat Mar 24 23:14:50 +0000 2018,0.0,0.878,0.122,"Reflecting on today‚Äôs March for Our Lives, Parkland survivor Samantha Fuentes tells Van Jones she was ‚Äúterrified‚Äù b‚Ä¶ https://t.co/e52P9eyCs9",20,@CNN
-0.34,Sat Mar 24 23:00:16 +0000 2018,0.146,0.854,0.0,GOP donor launches gun reform group to coincide with March for Our Lives https://t.co/xI1wPhNmGn https://t.co/N6AXZPFU8r,21,@CNN
0.34,Sat Mar 24 22:45:09 +0000 2018,0.0,0.793,0.207,Why I march: People reveal what compelled them to join March for Our Lives https://t.co/KU2nQLcKIM https://t.co/L9UxYiqix2,22,@CNN
0.25,Sat Mar 24 22:30:38 +0000 2018,0.0,0.9,0.1,"Martin Luther King Jr.'s granddaughter addresses March for Our Lives in Washington: ""I have a dream that enough is‚Ä¶ https://t.co/jyXfB8onIg",23,@CNN
0.0,Sat Mar 24 22:16:42 +0000 2018,0.0,1.0,0.0,Aerial footage shows the turnout at various March for Our Lives across the US today https://t.co/50KflY3S4X https://t.co/MVxCufnaIQ,24,@CNN
-0.2263,Sat Mar 24 22:01:07 +0000 2018,0.184,0.711,0.105,"""When politicians send their thoughts and prayers with no action, we say 'no more,'"" says Parkland survivor David H‚Ä¶ https://t.co/njlvsdWpd6",25,@CNN
-0.2732,Sat Mar 24 21:45:10 +0000 2018,0.174,0.826,0.0,This Parkland shooting victim would have turned 18 today https://t.co/8Q3uetdopL https://t.co/arLlrW0Thl,26,@CNN
-0.3862,Sat Mar 24 21:30:14 +0000 2018,0.302,0.44,0.258,"""One of my best friends was killed in gun violence right around here, so it's important to me,"" says Paul McCartney‚Ä¶ https://t.co/JJd58rPbiJ",27,@CNN
-0.3182,Sat Mar 24 21:15:05 +0000 2018,0.119,0.881,0.0,"This marcher is only 6. But as her sign says, so were the Sandy Hook victims. https://t.co/zKUpta5M60 https://t.co/yP4kxLeTjf",28,@CNN
0.0,Sat Mar 24 21:02:06 +0000 2018,0.0,1.0,0.0,Those who couldn't attend the March for Our Lives ‚Äî for health reasons or otherwise ‚Äî found alternative ways to cal‚Ä¶ https://t.co/3sdZyPtiFj,29,@CNN
-0.3412,Sat Mar 24 20:55:29 +0000 2018,0.099,0.901,0.0,"""We cannot make America safe until we arm our teachers. ... with pencils, paper and the money they need. ... to sup‚Ä¶ https://t.co/VtPhBU4IZ8",30,@CNN
-0.4404,Sat Mar 24 20:36:11 +0000 2018,0.17,0.83,0.0,Demonstrators have gathered in Washington DC and across the US to demand stricter gun laws. Follow along for live u‚Ä¶ https://t.co/SCzfyryyAZ,31,@CNN
-0.7096,Sat Mar 24 20:29:01 +0000 2018,0.247,0.753,0.0,"When a gunman killed 26 at her school, Lauren Milgram, then just 6, hid in a bathroom. Now, the 12-year-old marched‚Ä¶ https://t.co/3FKM9sWYq8",32,@CNN
0.3612,Sat Mar 24 20:22:07 +0000 2018,0.0,0.898,0.102,"""I feel like I'm closer to being an adult than I should be at my age. I should be hanging out with my girlfriends,‚Ä¶ https://t.co/HfoSzBM89B",33,@CNN
0.0,Sat Mar 24 20:14:03 +0000 2018,0.0,1.0,0.0,Here's what the NRA had to say today about the March for Our Lives https://t.co/QLvGtGOar9 https://t.co/TMGtJd15hK,34,@CNN
0.3612,Sat Mar 24 20:07:03 +0000 2018,0.0,0.762,0.238,The Parkland kids keep checking their privilege https://t.co/uyUQ1yGJHo https://t.co/u6vVVHKwW1,35,@CNN
0.3612,Sat Mar 24 20:04:13 +0000 2018,0.0,0.894,0.106,This Parkland survivor threw up on stage and then finished her speech at the March for Our Lives rally in Washingto‚Ä¶ https://t.co/0n4W9blvUI,36,@CNN
0.3612,Sat Mar 24 20:04:09 +0000 2018,0.0,0.884,0.116,Parkland school shooting survivor Emma Gonzalez stood on stage for 6 minutes and 20 seconds ‚Äî the time it took the‚Ä¶ https://t.co/53EVcEL3v7,37,@CNN
0.0,Sat Mar 24 19:50:43 +0000 2018,0.0,1.0,0.0,"Samantha Fuentes, who was wounded in the mass shooting at Marjory Stoneman Douglas High School, asks the crowd to j‚Ä¶ https://t.co/0DfmSFip9b",38,@CNN
-0.7579,Sat Mar 24 19:40:04 +0000 2018,0.394,0.606,0.0,These grandmothers in Texas have had enough of gun violence https://t.co/6u7JSeRtFn https://t.co/FiwF9BvIsS,39,@CNN
-0.3182,Sat Mar 24 19:33:03 +0000 2018,0.099,0.901,0.0,This 6-year-old is marching in London today carrying a sign with the names of the victims of the 2012 Sandy Hook ma‚Ä¶ https://t.co/JzyXgOHDkT,40,@CNN
-0.34,Sat Mar 24 19:26:03 +0000 2018,0.13,0.87,0.0,These politicians have weighed in on March for Our Lives rallies calling for stricter gun control‚Ä¶ https://t.co/WDopvkFLH0,41,@CNN
0.0258,Sat Mar 24 19:19:00 +0000 2018,0.105,0.786,0.109,"At the March for Our Lives rally in Washington, Florida school survivor Emma Gonzalez weeps quietly for the majorit‚Ä¶ https://t.co/eYtm2kTleE",42,@CNN
0.0,Sat Mar 24 19:12:03 +0000 2018,0.0,1.0,0.0,"There's a large sign outside the capitol in Minnesota that says ""ENOUGH"" ‚Äî one of the catchwords for those rallying‚Ä¶ https://t.co/a0L6fBY1aM",43,@CNN
0.25,Sat Mar 24 19:05:19 +0000 2018,0.0,0.905,0.095,"""I have a dream that enough is enough. And that this should be a gun-free world. Period."" - Martin Luther King Jr.'‚Ä¶ https://t.co/ZCbCc1csZM",44,@CNN
0.3612,Sat Mar 24 18:58:44 +0000 2018,0.0,0.878,0.122,"""Stand for us or beware ‚Äî the voters are coming."" Florida school shooting survivor Cameron Kasky gives an impassion‚Ä¶ https://t.co/3LClliCYd1",45,@CNN
0.0,Sat Mar 24 18:51:07 +0000 2018,0.0,1.0,0.0,"""Keep at it. You're leading us forward. Nothing can stand in the way of millions of voices calling for change."" For‚Ä¶ https://t.co/NFiRsDTQhG",46,@CNN
0.0,Sat Mar 24 18:44:06 +0000 2018,0.0,1.0,0.0,Here's why some of the March for Our Lives demonstrators are wearing $1.05 price tags https://t.co/iMH5IYTu2Z https://t.co/aJFIQsY2Gq,47,@CNN
-0.34,Sat Mar 24 18:38:04 +0000 2018,0.146,0.854,0.0,Here's what US lawmakers have done about gun control since the Parkland shooting https://t.co/lgxaZnrmO6 https://t.co/YaqSErD1e9,48,@CNN
0.0,Sat Mar 24 18:33:13 +0000 2018,0.0,1.0,0.0,"11-year-old Naomi Wadler says she speaks at Washington DC rally to ""represent the African-American girls whose stor‚Ä¶ https://t.co/V4quaN3SJU",49,@CNN
0.5267,Sat Mar 24 18:27:11 +0000 2018,0.0,0.841,0.159,"Alex Wind, a student at Marjory Stoneman Douglas High School, gives a passionate speech at the March for Our Lives‚Ä¶ https://t.co/fzvj8i3Twn",50,@CNN
-0.3862,Sat Mar 24 18:19:23 +0000 2018,0.302,0.44,0.258,"""One of my best friends was killed in gun violence right around here, so it's important to me,"" says Paul McCartney‚Ä¶ https://t.co/KIadLzcfFn",51,@CNN
0.296,Sat Mar 24 18:12:27 +0000 2018,0.0,0.905,0.095,"Are you a student taking part in today's March for Our Lives? Share your photos with CNN, along with your name, age‚Ä¶ https://t.co/kihpHSkqPb",52,@CNN
0.25,Sat Mar 24 18:04:39 +0000 2018,0.0,0.9,0.1,"Martin Luther King Jr.'s granddaughter addresses March for Our Lives in Washington, DC: ""I have a dream that enough‚Ä¶ https://t.co/PyLJSuNE9C",53,@CNN
0.0,Sat Mar 24 17:56:51 +0000 2018,0.0,1.0,0.0,Aerial footage shows the turnout at various March for Our Lives across the US today https://t.co/sPJ25LfDKd https://t.co/E230ciayf0,54,@CNN
-0.2263,Sat Mar 24 17:48:52 +0000 2018,0.184,0.711,0.105,"""When politicians send their thoughts and prayers with no action, we say 'no more,'"" says Parkland survivor David H‚Ä¶ https://t.co/7pjri4JObf",55,@CNN
0.7506,Sat Mar 24 17:36:16 +0000 2018,0.0,0.714,0.286,"""We applaud the many courageous young Americans exercising their First Amendment rights today."" Read the White Hous‚Ä¶ https://t.co/oVbFIrHC1L",56,@CNN
-0.2732,Sat Mar 24 17:13:44 +0000 2018,0.174,0.826,0.0,This Parkland shooting victim would have turned 18 today https://t.co/NXcoNTIbHW https://t.co/ZUH7IN9K1q,57,@CNN
-0.34,Sat Mar 24 17:05:21 +0000 2018,0.094,0.906,0.0,"RT @CNNPolitics: Parkland student Alex Wind calls for politicians who oppose gun control to be voted out of office: ""None of the millions o‚Ä¶",58,@CNN
0.4215,Sat Mar 24 16:53:48 +0000 2018,0.0,0.865,0.135,Students are marching through the same streets as Martin Luther King Jr. did -- hoping for similar change‚Ä¶ https://t.co/Var2fzWPrv,59,@CNN
-0.3862,Sat Mar 24 16:42:13 +0000 2018,0.302,0.44,0.258,"""One of my best friends was killed in gun violence right around here, so it's important to me,"" says Paul McCartney‚Ä¶ https://t.co/nGvY9rZmT8",60,@CNN
0.4404,Sat Mar 24 16:31:00 +0000 2018,0.106,0.661,0.233,She's waited 5 years for gun control reform. This Sandy Hook survivor hopes the time is now. https://t.co/c3FgTBdjuw https://t.co/wv1na3BSEd,61,@CNN
-0.34,Sat Mar 24 16:22:37 +0000 2018,0.112,0.888,0.0,"At the March for Our Lives rally in Washington, students are leading demonstrations to call for stricter gun laws.‚Ä¶ https://t.co/zUegljvkN7",62,@CNN
0.4404,Sat Mar 24 16:06:24 +0000 2018,0.0,0.847,0.153,Apple is proposing 13 new emojis in an effort to better represent people with disabilities https://t.co/O4anVJKMUl https://t.co/QFVXqcTGba,63,@CNN
0.7506,Sat Mar 24 15:54:36 +0000 2018,0.0,0.714,0.286,"""We applaud the many courageous young Americans exercising their First Amendment rights today."" Read the White Hous‚Ä¶ https://t.co/w2Od16w90R",64,@CNN
0.0,Sat Mar 24 15:47:48 +0000 2018,0.0,1.0,0.0,"""The finish line at the end of the march here today in Parkland...is our beginning line. We are just getting starte‚Ä¶ https://t.co/nyetTEbTz7",65,@CNN
0.4215,Sat Mar 24 15:34:51 +0000 2018,0.0,0.823,0.177,The March for Our Lives isn't just happening in the United States https://t.co/qPe1ZyM3Ly https://t.co/xUI4pfmhzy,66,@CNN
-0.1779,Sat Mar 24 15:27:30 +0000 2018,0.147,0.735,0.118,"RT @CNNPolitics: At #MarchForOurLives, Democratic Sen. Amy Klobuchar says President Trump's steps to ban bump stocks are a ""good thing,"" bu‚Ä¶",67,@CNN
-0.3182,Sat Mar 24 15:23:04 +0000 2018,0.119,0.881,0.0,"This marcher is only 6. But as her sign says, so were the Sandy Hook victims. https://t.co/wjC5FXEGYn https://t.co/tCbNWFZ05J",68,@CNN
0.6249,Sat Mar 24 15:11:32 +0000 2018,0.0,0.814,0.186,"Arnold Schwarzenegger says John Kasich could be ""a great alternative"" to President Donald Trump if the President fa‚Ä¶ https://t.co/RUMvZc7Cga",69,@CNN
-0.3182,Sat Mar 24 15:03:24 +0000 2018,0.099,0.901,0.0,This 6-year-old is marching in London today carrying a sign with the names of the victims of the 2012 Sandy Hook ma‚Ä¶ https://t.co/JN7ej0DTAC,70,@CNN
0.0,Sat Mar 24 14:55:31 +0000 2018,0.0,1.0,0.0,Medicaid is a lifeline for nearly half of this county's residents https://t.co/G1iKLz7afP https://t.co/x9pwitibED,71,@CNN
-0.4404,Sat Mar 24 14:43:59 +0000 2018,0.17,0.83,0.0,Demonstrators are gathering in Washington DC and across the US to demand stricter gun laws. Follow along for live u‚Ä¶ https://t.co/YuwfaesMEm,72,@CNN
0.2023,Sat Mar 24 14:40:06 +0000 2018,0.081,0.806,0.113,"RT @CNNPolitics: Sen. Elizabeth Warren, who is joining #MarchForOurLives in Boston, says she is struck by ""how powerful"" the students are h‚Ä¶",73,@CNN
0.1828,Sat Mar 24 14:36:36 +0000 2018,0.127,0.71,0.163,"Activists are marching, but the public hasn't punished Republicans in polls for inaction on guns‚Ä¶ https://t.co/N3PtWjSnan",74,@CNN
0.0,Sat Mar 24 14:29:26 +0000 2018,0.0,1.0,0.0,Investigators search Cambridge Analytica's London offices https://t.co/B4Y5E1KuKp https://t.co/E8TQacLUCG,75,@CNN
-0.7096,Sat Mar 24 14:22:20 +0000 2018,0.237,0.763,0.0,"When a gunman killed 26 at her school, Lauren Milgram, then just 6, hid in a bathroom. Now, the 12-year-old is marc‚Ä¶ https://t.co/qDEccGK7A7",76,@CNN
-0.34,Sat Mar 24 14:15:07 +0000 2018,0.13,0.87,0.0,Students are rallying in Washington and across the US for stricter gun laws. Follow live updates:‚Ä¶ https://t.co/nzbh53hRwx,77,@CNN
0.0,Sat Mar 24 14:08:22 +0000 2018,0.126,0.747,0.126,911 calls capture the confusion when a false missile alert went out in Hawaii https://t.co/0CJ3lGWQAp https://t.co/3NKkWVSXE4,78,@CNN
0.5106,Sat Mar 24 14:01:20 +0000 2018,0.0,0.82,0.18,This mom's tweet helped 500 students find free housing for March for Our Lives https://t.co/0ZFfjjfFa7 https://t.co/VZwxtPTHxC,79,@CNN
0.5994,Sat Mar 24 13:54:11 +0000 2018,0.0,0.782,0.218,Ex-Cambridge Analytica staff say a super PAC run by John Bolton used compromised Facebook data‚Ä¶ https://t.co/GyV7wgK6kM,80,@CNN
0.0,Sat Mar 24 13:47:35 +0000 2018,0.0,1.0,0.0,"Survivors of the deadly shooting rampage at a Parkland, Florida, high school are set to lead thousands in a March f‚Ä¶ https://t.co/iKYqAhZqKv",81,@CNN
0.0,Sat Mar 24 13:41:06 +0000 2018,0.0,1.0,0.0,"Why I'm marching on Saturday ... in a wheelchair || Karina Vargas, who was shot outside her school in Colorado, wri‚Ä¶ https://t.co/WnLQn2IECk",82,@CNN
0.0772,Sat Mar 24 13:31:03 +0000 2018,0.0,0.925,0.075,Sydney's newest landmark is a mixed-use development called Central Park. The award-winning complex boasts one of th‚Ä¶ https://t.co/lY2HQsxvic,83,@CNN
0.0,Sat Mar 24 13:01:07 +0000 2018,0.0,1.0,0.0,"Chef Jos√© Andr√©s' ThinkFoodGroup and various DC restaurants started Food for Our Lives, a collaboration of business‚Ä¶ https://t.co/Dnkr1OcOST",84,@CNN
-0.4404,Sat Mar 24 12:31:03 +0000 2018,0.139,0.861,0.0,Bank of America Merrill Lynch doctored paperwork on 16 million orders to fool institutional clients into thinking s‚Ä¶ https://t.co/saySIFhPEF,85,@CNN
0.4404,Sat Mar 24 12:01:05 +0000 2018,0.0,0.847,0.153,Apple is proposing 13 new emojis in an effort to better represent people with disabilities https://t.co/JMDXhV7m6Z https://t.co/jc66QH0Vh3,86,@CNN
0.5423,Sat Mar 24 11:31:02 +0000 2018,0.0,0.816,0.184,"Taylor Swift voiced her support for Saturday's ""March for Our Lives"" in an Instagram post and said that she made a‚Ä¶ https://t.co/2R6uwk8aix",87,@CNN
0.0516,Sat Mar 24 11:01:05 +0000 2018,0.111,0.769,0.12,Russian rap pioneers are losing faith with a new generation of rappers they say are absorbed by flashy lifestyles s‚Ä¶ https://t.co/rHWuWxTvWY,88,@CNN
0.0,Sat Mar 24 10:31:06 +0000 2018,0.0,1.0,0.0,"When students of Marjory Stoneman Douglas return to class after spring break next week, they'll be required to carr‚Ä¶ https://t.co/BQQ9SELncO",89,@CNN
0.0,Sat Mar 24 10:01:06 +0000 2018,0.0,1.0,0.0,"25 years ago, Republicans were more educated than Democrats. Now it's the opposite, a new Pew Research survey shows‚Ä¶ https://t.co/tz4yIojrhW",90,@CNN
0.5574,Sat Mar 24 09:31:01 +0000 2018,0.0,0.805,0.195,"Taylor Swift has sold more than 2 million copies of ""Reputation"" -- making it the first album to accomplish that fe‚Ä¶ https://t.co/xGaiRntOFc",91,@CNN
0.0,Sat Mar 24 09:01:07 +0000 2018,0.0,1.0,0.0,"""This is an American icon that has to be saved"": The billionaire CEO behind Bratz dolls and Little Tike toys is on‚Ä¶ https://t.co/Dq7aGo9anA",92,@CNN
0.2263,Sat Mar 24 08:45:08 +0000 2018,0.113,0.739,0.148,"Don't let the Vatican‚Äôs beauty and allure fool you. The dark story behind some of the world‚Äôs most famous artwork,‚Ä¶ https://t.co/yjLANUmIsS",93,@CNN
-0.6597,Sat Mar 24 08:31:04 +0000 2018,0.239,0.761,0.0,A former cancer patient is now a doctor at the hospital that helped her survive https://t.co/BVHKNRz6p5 https://t.co/Jz0KOopdDE,94,@CNN
0.5719,Sat Mar 24 08:01:04 +0000 2018,0.0,0.821,0.179,A new heroine is flying alongside Wonder Woman and Superman to pull Puerto Rico through hurricane Maria's aftermath‚Ä¶ https://t.co/eHi3GMrqhF,95,@CNN
0.3818,Sat Mar 24 07:31:03 +0000 2018,0.0,0.874,0.126,"Charlotte Pence says she's ""all for"" comedian John Oliver's parody book, which depicts her family's pet rabbit Marl‚Ä¶ https://t.co/GVSsaRAh36",96,@CNN
0.5106,Sat Mar 24 07:01:07 +0000 2018,0.0,0.82,0.18,This mom's tweet helped 500 students find free housing for March for Our Lives https://t.co/G87bku1lsf https://t.co/S33VYhu0oo,97,@CNN
-0.0772,Sat Mar 24 06:46:02 +0000 2018,0.121,0.769,0.109,A Tennessee man who was wrongfully imprisoned for 31 years and initially given $75 to start over has been awarded $‚Ä¶ https://t.co/ZZ8u4tu9jg,98,@CNN
-0.4767,Sat Mar 24 06:40:11 +0000 2018,0.14,0.86,0.0,A French police officer who asked a gunman to let him take the place of a hostage in a supermarket attack has died.‚Ä¶ https://t.co/XhbAin6Bi4,99,@CNN
-0.4588,Sun Mar 25 04:50:00 +0000 2018,0.375,0.625,0.0,.@CardinalDolan: @TheDemocrats abandoned Catholics. https://t.co/eJ5kXrVjNk https://t.co/pslA6vKhLN,0,@FoxNews
0.3182,Sun Mar 25 04:32:00 +0000 2018,0.0,0.867,0.133,".@MichelleMalkin: ""This movement constitutes a real effort by some of these responsible leaders to make California‚Ä¶ https://t.co/v69T0f6c9d",1,@FoxNews
-0.6486,Sun Mar 25 04:24:19 +0000 2018,0.281,0.719,0.0,"Iowa family found dead in Mexico inhaled toxic gas, autopsies reveal
https://t.co/qmnCSXaYUt",2,@FoxNews
0.0,Sun Mar 25 04:00:00 +0000 2018,0.0,1.0,0.0,U.S. markets - this week. https://t.co/IypJJ2Z8cq,3,@FoxNews
0.4019,Sun Mar 25 03:52:00 +0000 2018,0.0,0.816,0.184,"Earlier today, @HillaryClinton tweeted out a message of support for the #MarchForOurLives. https://t.co/KpOnezljw1 https://t.co/bveEbcdthq",4,@FoxNews
-0.6065,Sun Mar 25 03:48:00 +0000 2018,0.292,0.708,0.0,Poll: 62% say marches will not be effective in passing new gun laws. https://t.co/bCGdknQEZ7,5,@FoxNews
-0.7717,Sun Mar 25 03:48:00 +0000 2018,0.271,0.729,0.0,"TOMORROW: 'Legends &amp; Lies' Returns With a Riveting Look at The Civil War - Hosted by Brian @Kilmeade, it all begins‚Ä¶ https://t.co/QUFGDHZhr3",6,@FoxNews
-0.2263,Sun Mar 25 03:43:00 +0000 2018,0.147,0.853,0.0,"At the #MarchforourLives in Washington, D.C., Parkland student @davidhogg111 demanded change.‚Ä¶ https://t.co/myfN11llpw",7,@FoxNews
0.0,Sun Mar 25 03:43:00 +0000 2018,0.0,1.0,0.0,".@dbongino: ""Yesterday was a disaster."" https://t.co/eIG4zb8K1d",8,@FoxNews
-0.34,Sun Mar 25 03:30:00 +0000 2018,0.188,0.699,0.113,"Aliso Viejo Mayor Dave Harrington: ""[Mayor @LibbySchaaf] basically committed a felony by harboring those fugitives."" https://t.co/Mx2wzyxhtj",9,@FoxNews
0.6369,Sun Mar 25 03:25:00 +0000 2018,0.0,0.802,0.198,"On ""America's News Headquarters,"" @CharlieKirk11 pointed out what he called ""one of the greatest ironies"" about gun‚Ä¶ https://t.co/PWrak7udxe",10,@FoxNews
-0.7351,Sun Mar 25 03:24:00 +0000 2018,0.356,0.644,0.0,".@JCLayfield: ""There's no difference between Republicans and Democrats. Debt doubled under Bush. Debt doubled under‚Ä¶ https://t.co/PLhCAa0ZP1",11,@FoxNews
0.0258,Sun Mar 25 03:16:00 +0000 2018,0.127,0.741,0.132,"On ""America's News Headquarters,"" Parkland survivor @KyleKashuv talked about the #MarchforourLives and the gun cont‚Ä¶ https://t.co/7Z6oLIGl2d",12,@FoxNews
0.7003,Sun Mar 25 02:55:00 +0000 2018,0.0,0.691,0.309,OPINION: How can the US do a better job of keeping kids safe at school? https://t.co/Rs3WEJu9lM,13,@FoxNews
0.0,Sun Mar 25 02:50:00 +0000 2018,0.0,1.0,0.0,.@elonmusk thrusts civilian flamethrowers into the spotlight https://t.co/hy3xI0OPUj,14,@FoxNews
0.4019,Sun Mar 25 02:45:00 +0000 2018,0.0,0.838,0.162,.@IvankaTrump: Skill-based education is crucial to putting more Americans on a path to promising careershttp://www.‚Ä¶ https://t.co/ZwiB3fk19R,15,@FoxNews
0.2924,Sun Mar 25 02:39:00 +0000 2018,0.0,0.897,0.103,".@cvpayne: ""We know China's ripping us off. Americans know this, and yet everyone says 'don't fight back.' What kin‚Ä¶ https://t.co/1mvLKtQReg",16,@FoxNews
0.0,Sun Mar 25 02:33:00 +0000 2018,0.0,1.0,0.0,".@TheOfficerTatum: ‚ÄúThe flag means everything. I mean the reason that I‚Äôm able to come on TV, the reason I‚Äôm able t‚Ä¶ https://t.co/UicAUInsqn",17,@FoxNews
0.6486,Sun Mar 25 02:25:00 +0000 2018,0.0,0.71,0.29,Pennsylvania school wants to arm students with rocks to protect them against active shooters https://t.co/g10LILBF0U,18,@FoxNews
0.5627,Sun Mar 25 02:21:00 +0000 2018,0.0,0.764,0.236,OPINION: Advice for Trump: Don't fire Robert Mueller -- He will clear you in the end https://t.co/7m5MAkwHkY,19,@FoxNews
-0.1027,Sun Mar 25 02:16:00 +0000 2018,0.119,0.794,0.087,.@JoeBiden is backing off his tough talk against President @realDonaldTrump.  https://t.co/7QZa211h3b https://t.co/sACgoY0GDR,20,@FoxNews
0.3612,Sun Mar 25 02:08:51 +0000 2018,0.0,0.815,0.185,"Earlier, Parkland survivor @Emma4Change called for change during the #MarchForOurLives rally.‚Ä¶ https://t.co/TXb6UFc2Za",21,@FoxNews
-0.5859,Sun Mar 25 01:54:57 +0000 2018,0.255,0.745,0.0,Senior NSA official says tech is wondrous -- and risky in a world of cyberspace foes https://t.co/vwhSTfoQls,22,@FoxNews
0.5719,Sun Mar 25 01:46:58 +0000 2018,0.0,0.764,0.236,"David Bossie on omnibus bill: ""The swamp won on this one."" @JudgeJeanine https://t.co/zEF9nHe4j9",23,@FoxNews
0.0,Sun Mar 25 01:44:51 +0000 2018,0.0,1.0,0.0,"David Bossie on omnibus bill: ""This Republican leadership in the Congress did [@POTUS] a disservice by forcing him‚Ä¶ https://t.co/QHPPv9GmtM",24,@FoxNews
-0.5106,Sun Mar 25 01:40:12 +0000 2018,0.155,0.845,0.0,"David Bossie on omnibus bill: ""It's a fundamental failure of leadership in Congress. What they sent @POTUS is tanta‚Ä¶ https://t.co/Y90F3yMyro",25,@FoxNews
0.0,Sun Mar 25 01:36:21 +0000 2018,0.0,1.0,0.0,What's in the omnibus bill. https://t.co/S5bJj1GGJr,26,@FoxNews
0.0,Sun Mar 25 01:25:11 +0000 2018,0.0,1.0,0.0,".@hogangidley45 on omnibus bill: ""They weren't building new equipment under @BarackObama, they were rebuilding and‚Ä¶ https://t.co/kFjR16cq7M",27,@FoxNews
-0.5859,Sun Mar 25 01:18:16 +0000 2018,0.213,0.787,0.0,".@JudgeJeanine: ""The omnibus bill that Republicans gave President @realDonaldTrump yesterday is a total betrayal of‚Ä¶ https://t.co/Ba0Ss81tXT",28,@FoxNews
0.2023,Sun Mar 25 01:16:52 +0000 2018,0.0,0.899,0.101,".@hogangidley45 on #MarchForOurLives: ""One of the significant victories in this omnibus package were two pieces of‚Ä¶ https://t.co/VgvYB92wCW",29,@FoxNews
-0.8176,Sun Mar 25 01:08:46 +0000 2018,0.385,0.615,0.0,.@NASCAR driver has words of grief for Iowa family found dead in Mexico https://t.co/tNUXwWg5G0,30,@FoxNews
0.0,Sun Mar 25 01:00:17 +0000 2018,0.0,1.0,0.0,".@DiamondandSilk on Hollywood bashing Trump admin: ""Don't talk about this White House when their house is not in or‚Ä¶ https://t.co/iaXdki3Ocf",31,@FoxNews
0.0,Sun Mar 25 00:56:07 +0000 2018,0.0,1.0,0.0,".@DiamondandSilk on @JoeBiden: ""The people [voting Democrat] need to look at this person that represents the Democr‚Ä¶ https://t.co/IOmsR5Vo4r",32,@FoxNews
0.0,Sun Mar 25 00:51:49 +0000 2018,0.0,1.0,0.0,"On day to 'march for our lives,' rival rallies and competing views https://t.co/CbmsOhaOMR",33,@FoxNews
-0.6124,Sun Mar 25 00:49:04 +0000 2018,0.217,0.783,0.0,".@KayaJones on social media gun censorship: ""Divide and conquer, you take away anyone's right to fight back. And so‚Ä¶ https://t.co/l6UU0LQMKV",34,@FoxNews
-0.7717,Sun Mar 25 00:48:00 +0000 2018,0.271,0.729,0.0,"TOMORROW: 'Legends &amp; Lies' Returns With a Riveting Look at The Civil War - Hosted by Brian @Kilmeade, it all begins‚Ä¶ https://t.co/RIs4Y4GE7s",35,@FoxNews
0.0,Sun Mar 25 00:41:06 +0000 2018,0.0,1.0,0.0,Buckingham Palace goes dark for #EarthHour. https://t.co/E2HwY1uDZM,36,@FoxNews
0.7096,Sun Mar 25 00:35:22 +0000 2018,0.0,0.704,0.296,".@KellyannePolls on border wall: ""[Democrats] pretended that everything they cared about with respect to immigratio‚Ä¶ https://t.co/w9StCSKbnZ",37,@FoxNews
0.3612,Sun Mar 25 00:35:00 +0000 2018,0.0,0.857,0.143,.@RepMcSally: ‚ÄúYou cannot have just one state who chooses to be lawless like California is.‚Äù https://t.co/k7jlCnzYKP,38,@FoxNews
-0.4019,Sun Mar 25 00:23:29 +0000 2018,0.114,0.886,0.0,".@KellyannePolls on spending bill: ""This is a town that not so long ago was mocking the very idea of a wall, and no‚Ä¶ https://t.co/J6HBxbbMgo",39,@FoxNews
0.0,Sun Mar 25 00:14:46 +0000 2018,0.0,1.0,0.0,"Hartford Mayor Luke Bronin on sanctuary cities: ""What police chiefs around the country have said is that it undermi‚Ä¶ https://t.co/Iyp5krehsQ",40,@FoxNews
0.0,Sun Mar 25 00:06:20 +0000 2018,0.0,1.0,0.0,Jeff Sessions Breaks Silence on Trump Critiques: 'That's Just His Style' https://t.co/MpAg00YOGK,41,@FoxNews
-0.4939,Sat Mar 24 23:57:50 +0000 2018,0.225,0.688,0.087,"McSally: Kidding about Calif. wall, 'serious' about state's 'dangerous' illegal immigration policies https://t.co/yp6a97G1zQ",42,@FoxNews
0.0,Sat Mar 24 23:47:30 +0000 2018,0.0,1.0,0.0,".@seanspicer: ‚ÄúThis president came in as a disruptor, he‚Äôs going to continue to do that and he will continue to bri‚Ä¶ https://t.co/tMSgDzzZxK",43,@FoxNews
0.25,Sat Mar 24 23:42:14 +0000 2018,0.0,0.875,0.125,MLK's granddaughter at March for Our Lives: 'I have a dream that enough is enough' https://t.co/DVg9q7PBAV,44,@FoxNews
-0.25,Sat Mar 24 23:29:17 +0000 2018,0.202,0.655,0.143,"Russia's chess diplomacy at the UN Security Council leaves US, allies frustrated https://t.co/gBSqRbUu0N",45,@FoxNews
0.0,Sat Mar 24 23:20:19 +0000 2018,0.0,1.0,0.0,"Earlier, @BillClinton tweeted about #MarchForOurLives. https://t.co/hJcfPXhDW7",46,@FoxNews
0.0,Sat Mar 24 23:11:47 +0000 2018,0.0,1.0,0.0,What's not in the omnibus bill. #FoxReport https://t.co/mQoKnGJVfR https://t.co/KVDYwYjL7v,47,@FoxNews
0.0,Sat Mar 24 23:08:13 +0000 2018,0.0,1.0,0.0,Hundreds of thousands attend #MarchForOurLives rallies around the country. @pdoocy has the story. #FoxReport‚Ä¶ https://t.co/NVCKyqRs1L,48,@FoxNews
-0.6124,Sat Mar 24 23:04:29 +0000 2018,0.333,0.667,0.0,"Trump administration backs UK after ex-spy poisoning, considers 'options' against Russia https://t.co/1mkzq5wkfZ",49,@FoxNews
0.2732,Sat Mar 24 23:02:21 +0000 2018,0.0,0.84,0.16,"RT @FoxBusiness: Weinstein Co files for bankruptcy, ends all non-disclosure agreements https://t.co/RlF2FiH6qk",50,@FoxNews
0.34,Sat Mar 24 23:00:58 +0000 2018,0.0,0.789,0.211,RT @FoxBusiness: Facebook security chief plans to step down https://t.co/xJ8fP5boXS,51,@FoxNews
0.0258,Sat Mar 24 22:57:21 +0000 2018,0.182,0.629,0.189,NY Archbishop Timothy Dolan Says Dem Party Is 'Abandoning Catholics' https://t.co/yciAzSSYpN,52,@FoxNews
0.6597,Sat Mar 24 22:51:50 +0000 2018,0.0,0.769,0.231,"Dr. Rebecca Grant: ""What's useful for @POTUS is that @AmbJohnBolton has deep knowledge of Iran, of the North Korea‚Ä¶ https://t.co/HFu58TNGvb",53,@FoxNews
0.4767,Sat Mar 24 22:44:56 +0000 2018,0.0,0.819,0.181,".@JoeBiden: 'I Shouldn't Have Said What I Said' About Trump, But 'Women Should Be Respected' https://t.co/GVISvODlqW",54,@FoxNews
-0.4939,Sat Mar 24 22:36:25 +0000 2018,0.167,0.833,0.0,OPINION: #MarchForOurLives: What do we say to our kids who fear being shot at their schools? https://t.co/gdICmeFs6i,55,@FoxNews
0.128,Sat Mar 24 22:30:00 +0000 2018,0.0,0.923,0.077,"TOMORROW on @FoxNewsSunday, an exclusive with @USTreasury Secretary @stevenmnuchin1 - Tune in at 2p &amp; 7p ET on Fox‚Ä¶ https://t.co/Xz2go9D43h",56,@FoxNews
0.5365,Sat Mar 24 22:21:46 +0000 2018,0.058,0.717,0.224,".@leximccammond: ""A lot of people don't want to threaten the Second Amendment rights...I think things like banning‚Ä¶ https://t.co/loRIRYrRhZ",57,@FoxNews
0.296,Sat Mar 24 22:17:20 +0000 2018,0.09,0.714,0.195,".@leximccammond: ""We saw how powerful protests can be, whether it's [#MarchForOurLives] or any number of marches we‚Ä¶ https://t.co/9WPszwkZ2C",58,@FoxNews
0.0,Sat Mar 24 22:12:47 +0000 2018,0.0,1.0,0.0,#MarchForOurLives demands. https://t.co/Zcy4Pbgy3I https://t.co/WvnilKO4eO,59,@FoxNews
0.0,Sat Mar 24 22:08:59 +0000 2018,0.0,1.0,0.0,Hundreds of thousands gathered nationwide to participate in the #MarchForOurLives rallies. @BryanLlenas has the sto‚Ä¶ https://t.co/TdNkSNa3ac,60,@FoxNews
-0.3818,Sat Mar 24 22:00:40 +0000 2018,0.167,0.833,0.0,A winter storm is passing through the Midwest. @AdamKlotzFNC is tracking the severe weather. https://t.co/brhrcGwHcM,61,@FoxNews
0.0,Sat Mar 24 21:53:54 +0000 2018,0.0,1.0,0.0,"TOMORROW on @FoxNewsSunday, #MarchForOurLives organizer @cameron_kasky and Marjory Stoneman Douglas student‚Ä¶ https://t.co/j4ZdNk5Ljl",62,@FoxNews
0.34,Sat Mar 24 21:53:29 +0000 2018,0.0,0.893,0.107,".@RepScottPerry: ""We gotta spend what it takes to secure our border. You don't say to yourself, 'how much am I gonn‚Ä¶ https://t.co/Q6y4FaTIZg",63,@FoxNews
-0.8979,Sat Mar 24 21:49:17 +0000 2018,0.498,0.452,0.05,Aspiring actress believed dead after going missing; boyfriend commits suicide after police pursuit https://t.co/OrvdyP9Lsi,64,@FoxNews
0.0,Sat Mar 24 21:48:13 +0000 2018,0.0,1.0,0.0,".@RepScottPerry on omnibus bill: ""We spent money on things that we told the American people we wouldn't, and we did‚Ä¶ https://t.co/zhSlUxwZgT",65,@FoxNews
0.0,Sat Mar 24 21:44:06 +0000 2018,0.0,1.0,0.0,".@RepScottPerry: ""Let's talk about process. You don't bring out a $1.3 trillion spending package at 8:30 the evenin‚Ä¶ https://t.co/pDiEm4zGov",66,@FoxNews
0.0,Sat Mar 24 21:42:42 +0000 2018,0.0,1.0,0.0,.@SenWarren ‚Äãslammed President @realDonaldTrump for his order banning most transgender troops from serving in the m‚Ä¶ https://t.co/NmMKAox4ji,67,@FoxNews
-0.2755,Sat Mar 24 21:34:54 +0000 2018,0.095,0.905,0.0,"Hugo Gurdon: ""The filibuster is not going to go away because the Democrats are not going to agree to hand‚Ä¶ https://t.co/8q1O8WEs4s",68,@FoxNews
0.0,Sat Mar 24 21:31:57 +0000 2018,0.0,1.0,0.0,Former Attorney General @EricHolder tweets about the #MarchForOurLives. https://t.co/KpOnezljw1 https://t.co/HSt7HnSloE,69,@FoxNews
0.0,Sat Mar 24 21:28:27 +0000 2018,0.0,1.0,0.0,DNC vs. RNC fundraising - 2018 election cycle. https://t.co/GYpqEOslmM,70,@FoxNews
0.4019,Sat Mar 24 21:27:07 +0000 2018,0.0,0.863,0.137,"Former President @BarackObama said that he and his wife, former First Lady @MichelleObama, support the young people‚Ä¶ https://t.co/RejZy0CSqs",71,@FoxNews
0.4019,Sat Mar 24 21:25:40 +0000 2018,0.0,0.838,0.162,.@IvankaTrump: Skill-based education is crucial to putting more Americans on a path to promising careers https://t.co/fwoS2Ee3xd,72,@FoxNews
0.25,Sat Mar 24 21:20:38 +0000 2018,0.0,0.846,0.154,MLK's granddaughter at #MarchforOurLives: 'I have a dream that enough is enough' https://t.co/nbo0CrerDp,73,@FoxNews
-0.7506,Sat Mar 24 21:16:49 +0000 2018,0.353,0.579,0.068,Dallas pastor draws 99-year sentence for starving toddler to death to purge 'demon' https://t.co/jDEhMJXSrh,74,@FoxNews
0.0,Sat Mar 24 21:09:00 +0000 2018,0.0,1.0,0.0,"TOMORROW on @SundayFutures, @MariaBartiromo talks to @LindseyGrahamSC - Tune in at 10a ET on Fox News Channel! https://t.co/WFuU4P5Udm",75,@FoxNews
0.0,Sat Mar 24 21:04:15 +0000 2018,0.0,1.0,0.0,.@SteveHiltonx: The $1.3 trillion omnibus bill shows why the populist revolution has to target Congress next https://t.co/I5dLVq2EQI,76,@FoxNews
0.0772,Sat Mar 24 21:00:02 +0000 2018,0.086,0.817,0.097,"EARLIER: @Emma4Change: ""We all know what this is like, and it's up to us to stop it....get out there and vote. Get‚Ä¶ https://t.co/b16ydgSIIQ",77,@FoxNews
-0.34,Sat Mar 24 20:57:00 +0000 2018,0.188,0.699,0.113,"Aliso Viejo Mayor Dave Harrington: ""[Mayor @LibbySchaaf] basically committed a felony by harboring those fugitives."" https://t.co/nMwFsMaFJw",78,@FoxNews
0.0,Sat Mar 24 20:56:22 +0000 2018,0.0,1.0,0.0,"TOMORROW on @NextRevFNC, @SteveHiltonx talks to Arnold @Schwarzenegger - Tune in at 9p ET on Fox News Channel! https://t.co/PH3TfWZoAD",79,@FoxNews
-0.743,Sat Mar 24 20:51:18 +0000 2018,0.355,0.528,0.117,Family and friends mourn the loss of Iowa family of four who were found dead in Mexico https://t.co/6kB9IDB9Q7,80,@FoxNews
0.0,Sat Mar 24 20:50:00 +0000 2018,0.0,1.0,0.0,"On ""Cavuto Live,"" @cvpayne gave his take on the U.S.'s approach to economic competition from China.‚Ä¶ https://t.co/KhdxuSi7IQ",81,@FoxNews
-0.4588,Sat Mar 24 20:50:00 +0000 2018,0.375,0.625,0.0,.@CardinalDolan: @TheDemocrats abandoned Catholics. https://t.co/JntoXrDskY https://t.co/NH7OJtDb1a,82,@FoxNews
-0.7717,Sat Mar 24 20:43:42 +0000 2018,0.271,0.729,0.0,"TOMORROW: 'Legends &amp; Lies' Returns With a Riveting Look at The Civil War - Hosted by Brian @Kilmeade, it all begins‚Ä¶ https://t.co/mwEbUqydHh",83,@FoxNews
-0.25,Sat Mar 24 20:42:52 +0000 2018,0.143,0.756,0.101,"Van Hipp: ""A lot of times we're always responding to that last national security threat. @AmbJohnBolton is the kind‚Ä¶ https://t.co/aLwBQuURb5",84,@FoxNews
0.6369,Sat Mar 24 20:40:39 +0000 2018,0.0,0.826,0.174,"Van Hipp on @AmbJohnBolton: ""I think it's one of @POTUS' best picks. This is the right man for these times.""‚Ä¶ https://t.co/efQbe7blvt",85,@FoxNews
0.0,Sat Mar 24 20:38:22 +0000 2018,0.0,1.0,0.0,".@therealroseanne: Reboot will tackle healthcare, opioids and different cultures https://t.co/BzX6yTwzTO https://t.co/d72ZCNotz0",86,@FoxNews
-0.296,Sat Mar 24 20:37:00 +0000 2018,0.109,0.891,0.0,".@AlanDersh: ""There seems to be nothing there at all. No evidence of collusion and collusion is not a crime."" https://t.co/WMee42TsEJ",87,@FoxNews
0.0,Sat Mar 24 20:33:43 +0000 2018,0.0,1.0,0.0,Cities nationwide host #MarchForOurLives rallies; @WillCarrFNC reports from Los Angeles. https://t.co/KpOnezljw1 https://t.co/LJiNKGIWLe,88,@FoxNews
0.6249,Sat Mar 24 20:32:27 +0000 2018,0.0,0.733,0.267,Newt Gingrich: The future is amazing -- Here‚Äôs an incredible glimpse of what awaits us https://t.co/W6SmudXk5Y,89,@FoxNews
0.0,Sat Mar 24 20:25:00 +0000 2018,0.0,1.0,0.0,"At the #MarchforourLives rally in Washington, D.C., Trevon ""Tre"" Bosley, 19, of Chicago, whose brother of Terrell B‚Ä¶ https://t.co/8v4zv6PWrq",90,@FoxNews
0.0,Sat Mar 24 20:24:54 +0000 2018,0.0,1.0,0.0,"Trump, GOP leaders face backlash over $1.3 trillion spending package https://t.co/HpTB2MOe9w",91,@FoxNews
0.0,Sat Mar 24 20:15:00 +0000 2018,0.0,1.0,0.0,".@TheOfficerTatum: ""The flag means everything. The reason I‚Äôm able to come on TV, the reason I‚Äôm able to exist, the‚Ä¶ https://t.co/Cbh0lh7qxs",92,@FoxNews
-0.1027,Sat Mar 24 20:11:42 +0000 2018,0.119,0.794,0.087,.@JoeBiden is backing off his tough talk against President @realDonaldTrump.  https://t.co/7QZa211h3b https://t.co/aDqIElXevz,93,@FoxNews
0.0,Sat Mar 24 20:08:00 +0000 2018,0.237,0.556,0.208,"Spencer Brown: ""We see time and again that often the best way to stop a bad guy with a gun is a good guy with a gun‚Ä¶ https://t.co/YvisI95OfR",94,@FoxNews
0.0,Sat Mar 24 20:07:20 +0000 2018,0.0,1.0,0.0,Hundreds of thousands gather nationwide to participate in #MarchForOurLives rallies; @pdoocy reports from Washingto‚Ä¶ https://t.co/hjAHc632RB,95,@FoxNews
0.765,Sat Mar 24 20:00:02 +0000 2018,0.0,0.664,0.336,".@DarrellIssa: ""How do Republicans win? They win by not only embracing @POTUS but helping him go further."" https://t.co/k8gp2EaeYA",96,@FoxNews
0.0,Sat Mar 24 19:58:02 +0000 2018,0.0,1.0,0.0,".@davidhogg111: ""Let's put the USA over the @NRA."" #MarchForOurLives https://t.co/2Llc6rXo2P https://t.co/2NKjXTHafx",97,@FoxNews
0.0,Sat Mar 24 19:57:43 +0000 2018,0.0,1.0,0.0,RT @EricShawnTV: I anchor @FoxNews starting at 5 pm EDT: @AmbJohnBolton in the #WhiteHouse. What advice will he give @POTUS @realDonaldTrum‚Ä¶,98,@FoxNews
-0.5267,Sat Mar 24 19:56:43 +0000 2018,0.206,0.794,0.0,"Wisconsin dad sentenced to 60 years in prison for attempting to sell daughter, 4, for sex on Craigslist https://t.co/OqeVk55hhv",99,@FoxNews
0.3182,Sun Mar 25 04:51:02 +0000 2018,0.0,0.859,0.141,"40% of Americans were obese in 2015 and 2016, a sharp increase from a decade earlier https://t.co/Rsql03shu8",0,@NYTimes
0.5106,Sun Mar 25 04:35:34 +0000 2018,0.131,0.618,0.251,"France is celebrating the memory and the courage of Arnaud Beltrame, a 44-year-old police officer who died of his w‚Ä¶ https://t.co/RXCLm92WzK",1,@NYTimes
0.0,Sun Mar 25 04:18:26 +0000 2018,0.0,1.0,0.0,The Saturday Profile: Shining a Cleansing Light on China‚Äôs Dark Secrets https://t.co/lUO49suD7U,2,@NYTimes
0.0,Sun Mar 25 04:13:10 +0000 2018,0.0,1.0,0.0,Emma Gonz√°lez spoke for just under 2 minutes. Then she was silent for 4 minutes and 26 seconds. https://t.co/c0XOh6iP0s,3,@NYTimes
0.0,Sun Mar 25 03:58:13 +0000 2018,0.0,1.0,0.0,Ruth Wakefield took an ice pick to a chocolate bar and invented an instant classic: the chocolate chip cookie https://t.co/Heiwepqtvm,4,@NYTimes
0.0,Sun Mar 25 03:41:04 +0000 2018,0.0,1.0,0.0,"RT @mattfleg: ‚ÄúAt first I thought I wanted to be a journalist,"" Stormy told us. Didn't break that way. How Stephanie Gregory became Stormy‚Ä¶",5,@NYTimes
-0.2263,Sun Mar 25 03:26:28 +0000 2018,0.174,0.826,0.0,Photos from the #MarchForOurLives protests around the world https://t.co/FlH4sFfhhY https://t.co/VE5r9usSCa,6,@NYTimes
-0.1779,Sun Mar 25 03:19:06 +0000 2018,0.075,0.925,0.0,"RT @nytimesworld: ""Some noise or incident would remind me of what happened and I would begin shaking all over. People thought I looked cold‚Ä¶",7,@NYTimes
0.0,Sun Mar 25 03:05:52 +0000 2018,0.0,1.0,0.0,"Put Ziggy Stardust in your living room, and zoom around his glammest looks https://t.co/X4lMkeJ8g7 https://t.co/XtbhAulQvj",8,@NYTimes
0.0,Sun Mar 25 02:55:31 +0000 2018,0.0,1.0,0.0,"""I am here today to acknowledge and represent the African-American girls whose stories don't make the front page of‚Ä¶ https://t.co/8ebVDCSlJa",9,@NYTimes
0.8176,Sun Mar 25 02:42:05 +0000 2018,0.0,0.702,0.298,"Before her head hits the pillow, Sister Jean has one last obligation: As always, she thanks God for the peace in he‚Ä¶ https://t.co/cjVwGoMimf",10,@NYTimes
0.5859,Sun Mar 25 02:32:19 +0000 2018,0.0,0.769,0.231,Just 2 female northern white rhinos remain. But scientists are hoping to resurrect the population with advanced ste‚Ä¶ https://t.co/gk7mEVrhER,11,@NYTimes
-0.8176,Sun Mar 25 02:27:34 +0000 2018,0.347,0.653,0.0,Speaker after speaker at the Chicago protest against gun violence mentioned relatives or classmates who had been wo‚Ä¶ https://t.co/bPQOXszfvY,12,@NYTimes
0.2023,Sun Mar 25 02:12:38 +0000 2018,0.0,0.833,0.167,A Top Candidate for New York Fed‚Äôs Leader: San Francisco‚Äôs https://t.co/UdjKhz3q8s,13,@NYTimes
0.0,Sun Mar 25 02:05:07 +0000 2018,0.0,1.0,0.0,"RT @NYTSports: Loyola-Chicago is in the Final Four. The captivating underdog of the NCAA tournament, 11th-seeded Loyola rolled over ninth-s‚Ä¶",14,@NYTimes
-0.7579,Sun Mar 25 01:55:00 +0000 2018,0.371,0.629,0.0,"At Rallies, Students With a Different View of Gun Violence: As Urban Reality https://t.co/TTiUxRyQfu",15,@NYTimes
-0.6124,Sun Mar 25 01:43:10 +0000 2018,0.227,0.773,0.0,Native American women are running for office in record numbers. Some are fighting pipelines. Others are fighting en‚Ä¶ https://t.co/4AXNNJKsqM,16,@NYTimes
-0.5789,Sun Mar 25 01:32:01 +0000 2018,0.232,0.768,0.0,"Hundreds of thousands of people marched in cities to protest gun violence, but they were not the only ones to demon‚Ä¶ https://t.co/zn3nGpyO0D",17,@NYTimes
0.0,Sun Mar 25 01:24:20 +0000 2018,0.0,1.0,0.0,Is Facebook too big to quit? Here are answers to some #DeleteFacebook questions. https://t.co/Mw43uhKFIi,18,@NYTimes
0.0,Sun Mar 25 01:14:18 +0000 2018,0.0,1.0,0.0,"They juggle homework with activism. They wince at loud noises. Sometimes, they sleep.

On Saturday, hundreds of stu‚Ä¶ https://t.co/jVB7dm2m22",19,@NYTimes
0.0,Sun Mar 25 01:07:30 +0000 2018,0.0,1.0,0.0,"Michel Temer, Brazil‚Äôs Deeply Unpopular President, Signals Run for a New Term https://t.co/3WX8XR74W4",20,@NYTimes
0.3612,Sun Mar 25 01:01:29 +0000 2018,0.0,0.898,0.102,"Roxanne Shant√© paved the way for female rappers like Foxy Brown, Lil' Kim and Cardi B. And now, her story is being‚Ä¶ https://t.co/f3IIAWB6hy",21,@NYTimes
0.3182,Sun Mar 25 00:45:09 +0000 2018,0.0,0.881,0.119,"Nella Larsen published her first novel ""Quicksand"" about mixed-raced identity in 1928. It was widely and positively‚Ä¶ https://t.co/xfVZixjAFc",22,@NYTimes
0.0,Sun Mar 25 00:24:34 +0000 2018,0.0,1.0,0.0,Loyola-Chicago Is in the Final Four After a Rout of Kansas State https://t.co/ccjB7XlK1P,23,@NYTimes
0.2975,Sun Mar 25 00:19:42 +0000 2018,0.0,0.909,0.091,"Vivica A. Fox: ""I‚Äôm a woman now in my 50s, and I‚Äôm kind of like a phoenix. Whenever they count me out, I always hav‚Ä¶ https://t.co/kwlJ6lhN9H",24,@NYTimes
0.0,Sun Mar 25 00:01:52 +0000 2018,0.0,1.0,0.0,Demonstrators Who Brought Guns and an Opposing Message https://t.co/uyjdwQBO7j,25,@NYTimes
0.0,Sat Mar 24 23:51:24 +0000 2018,0.0,1.0,0.0,"Why did this man kayak across the Atlantic Ocean 3 times?
 https://t.co/k6Un2uC2rq",26,@NYTimes
-0.0258,Sat Mar 24 23:34:38 +0000 2018,0.153,0.701,0.146,‚ÄòDone Hiding‚Äô: Students Lead Huge Rallies for Gun Control Across the U.S. https://t.co/FN6yU1G5CO,27,@NYTimes
-0.296,Sat Mar 24 23:19:43 +0000 2018,0.216,0.784,0.0,Opinion: Stop Asking About My Kid‚Äôs College Plans https://t.co/fvcCOifNMm,28,@NYTimes
0.0,Sat Mar 24 23:03:25 +0000 2018,0.0,1.0,0.0,Review: ‚ÄòTrust‚Äô Is Flashy but Ephemeral https://t.co/9jpCgqoesA,29,@NYTimes
0.0,Sat Mar 24 22:52:06 +0000 2018,0.0,1.0,0.0,"For Parkland Students, a Surreal Journey From ‚ÄòNormal‚Äô to a Worldwide March https://t.co/LHAkPTdePS",30,@NYTimes
0.0,Sat Mar 24 22:37:11 +0000 2018,0.169,0.663,0.169,Drilling in ‚ÄòAustralia‚Äôs Gal√°pagos‚Äô Raises Hopes of Jobs and Fears of Spill https://t.co/0srPvP3wRo,31,@NYTimes
0.2023,Sat Mar 24 22:32:12 +0000 2018,0.175,0.583,0.242,4 easy ways to cut down your sugar intake https://t.co/diMb2EhNnJ,32,@NYTimes
0.0,Sat Mar 24 22:15:06 +0000 2018,0.0,1.0,0.0,"At the march in Washington, survivors of mass shootings, including the one in Florida, rallied a whooping crowd and‚Ä¶ https://t.co/nupqHWoYm1",33,@NYTimes
0.0516,Sat Mar 24 22:00:11 +0000 2018,0.122,0.748,0.129,"Gary Lincoff, who spread his joy of mushrooms, has died at 75. He led hunts as far afield as Siberia and found more‚Ä¶ https://t.co/txArwxKNII",34,@NYTimes
-0.3724,Sat Mar 24 21:45:08 +0000 2018,0.138,0.862,0.0,"Rahysa Vargas was introduced to her husband, Christopher Cheng, in September 2006. She was not impressed. https://t.co/Lnq80b4k2Q",35,@NYTimes
-0.4588,Sat Mar 24 21:30:12 +0000 2018,0.158,0.842,0.0,"A federal appeals court, rejecting the position of the Trump administration, ruled that transgender people are prot‚Ä¶ https://t.co/0t6xg2byxo",36,@NYTimes
-0.34,Sat Mar 24 21:22:04 +0000 2018,0.134,0.746,0.119,"RT @jillburkealaska: The student activists are fired up, well spoken and getting to the heart of the matter. Here, Hannah Goodrum, 17, minc‚Ä¶",37,@NYTimes
0.3182,Sat Mar 24 21:15:05 +0000 2018,0.105,0.778,0.117,"‚ÄúTo the leaders, skeptics and cynics who told us to sit down and stay silent: Wait your turn. Welcome to the revolu‚Ä¶ https://t.co/6j0pyagHvM",38,@NYTimes
0.0,Sat Mar 24 21:07:01 +0000 2018,0.0,1.0,0.0,RT @anniecorreal: Third graders from the East Village Community School at the March for our Lives in New York. @NYTNational https://t.co/X6‚Ä¶,39,@NYTimes
0.5859,Sat Mar 24 21:00:09 +0000 2018,0.0,0.703,0.297,A dying Southern town needed a miracle. Marijuana came calling. https://t.co/GcqjQk12C3 https://t.co/750OByBFjp,40,@NYTimes
0.0,Sat Mar 24 20:52:04 +0000 2018,0.0,1.0,0.0,"RT @jessbidgood: A pro-gun sign in a deli window, near the Capitol in Montpelier: https://t.co/Hty7luTBgt",41,@NYTimes
0.5719,Sat Mar 24 20:45:02 +0000 2018,0.0,0.812,0.188,Nella Larsen was a celebrated writer during the Harlem Renaissance and the first African-American woman to receive‚Ä¶ https://t.co/yuNsbV3TUe,42,@NYTimes
-0.8126,Sat Mar 24 20:37:02 +0000 2018,0.307,0.693,0.0,RT @rfremson: Thousands demonstrate against gun violence in Seattle during one of hundreds of March for Our Lives protests across the count‚Ä¶,43,@NYTimes
0.4404,Sat Mar 24 20:31:22 +0000 2018,0.0,0.873,0.127,"To many in the capital, Stephanie Clifford, better known as Stormy Daniels, has become an unexpected force. It is s‚Ä¶ https://t.co/OTnDTzCMju",44,@NYTimes
0.0,Sat Mar 24 20:15:05 +0000 2018,0.0,1.0,0.0,"In @NYTOpinion 

Siva Vaidhyanathan writes, ""Quitting Facebook lets Google and Twitter off the hook"" https://t.co/7WJUri1xOF",45,@NYTimes
-0.4215,Sat Mar 24 20:04:07 +0000 2018,0.167,0.833,0.0,"RT @nytopinion: For skeptics who think that gun laws don‚Äôt make a difference, consider what happened in two states, Missouri and Connecticu‚Ä¶",46,@NYTimes
-0.7964,Sat Mar 24 20:04:00 +0000 2018,0.303,0.614,0.083,"One Houston suburb devastated by Harvey is sure to flood again, yet speculators are making a killing buying and res‚Ä¶ https://t.co/jBsyP4ndXC",47,@NYTimes
0.0,Sat Mar 24 19:46:57 +0000 2018,0.0,1.0,0.0,RT @jessbidgood: Bernie Sanders makes his way through the crowd in Montpelier. He did not give a speech. #marchforourlives https://t.co/Hb3‚Ä¶,48,@NYTimes
0.0,Sat Mar 24 19:40:24 +0000 2018,0.0,1.0,0.0,"Anchorage
Berlin
Boston
Chicago
Dahlonega
LA
Montpelier
New York
Parkland
Rome
Salt Lake City
Seattle
Tokyo
Washing‚Ä¶ https://t.co/Jvyg0nWwJe",49,@NYTimes
-0.3182,Sat Mar 24 19:30:03 +0000 2018,0.091,0.909,0.0,"RT @EmilyJBaum: Parkland student Gabriel Motta was in front of MSD when the shooting began. In @nytimes interview by Capitol: ""I lost two c‚Ä¶",50,@NYTimes
-0.5859,Sat Mar 24 19:10:05 +0000 2018,0.163,0.741,0.096,"""I want the world to know about Afghanistan, about how they are killing my people. I also want them to know that I‚Ä¶ https://t.co/dFLU5TBgmz",51,@NYTimes
-0.1531,Sat Mar 24 19:00:01 +0000 2018,0.071,0.929,0.0,We spoke to survivors of mass shootings and others affected by them. They say the students in Parkland have given t‚Ä¶ https://t.co/u8jN65GOTn,52,@NYTimes
-0.2263,Sat Mar 24 18:50:15 +0000 2018,0.174,0.826,0.0,Photos from the #MarchForOurLives protests around the world https://t.co/FlH4sFfhhY https://t.co/wOnW0db6Ql,53,@NYTimes
-0.5267,Sat Mar 24 18:40:00 +0000 2018,0.159,0.841,0.0,"A timeline of regulators, on both sides of the Atlantic, cracking down on Facebook and Google for privacy violations https://t.co/Cg9RtF9wmn",54,@NYTimes
0.5106,Sat Mar 24 18:30:14 +0000 2018,0.0,0.852,0.148,"Internet companies were built on a model in which people gave up their information for free services. Now, that ide‚Ä¶ https://t.co/94vc2puWql",55,@NYTimes
0.0,Sat Mar 24 18:22:05 +0000 2018,0.0,1.0,0.0,"RT @stavernise: Ajani Colson, 15, from Bennettsville AME Zion Church in Norwood, NC, and his mother Twanna Colson, who rented a van and lef‚Ä¶",56,@NYTimes
0.0,Sat Mar 24 18:15:17 +0000 2018,0.0,1.0,0.0,"Our reporters are across the country covering the #MarchForOurLives and counterprotests
https://t.co/W2gOQJJN53",57,@NYTimes
0.34,Sat Mar 24 18:00:12 +0000 2018,0.0,0.882,0.118,Here's how politicians from both sides of the aisle reacted to John Bolton's appointment as national security advis‚Ä¶ https://t.co/zKC8D8OU6a,58,@NYTimes
0.6369,Sat Mar 24 17:52:03 +0000 2018,0.0,0.816,0.184,"RT @jdelreal: Marchers are a‚Äômarching now, on their way to city hall. True to LA itself, this is an extremely diverse crowd. Gay Pride flag‚Ä¶",59,@NYTimes
-0.34,Sat Mar 24 17:45:04 +0000 2018,0.107,0.893,0.0,"Ke‚ÄôShon Newman‚Äôs brother was shot 9 times in Chicago‚Äôs South Side. Now, he‚Äôs headed to D.C. to march against gun vi‚Ä¶ https://t.co/m9zDQ2id1S",60,@NYTimes
0.5106,Sat Mar 24 17:37:01 +0000 2018,0.0,0.864,0.136,"RT @noahweiland: With the indomitable Jos√© Andr√©s, who‚Äôs feeding marchers thousands of free ham sandwiches, apples and cups of coffee. He i‚Ä¶",61,@NYTimes
0.2023,Sat Mar 24 17:30:02 +0000 2018,0.098,0.769,0.132,"The 2 coaches ‚Äî also old friends who once earned, and then lost, Big Ten jobs ‚Äî reveled together in their midmajor‚Ä¶ https://t.co/qggnlE6mPt",62,@NYTimes
-0.7351,Sat Mar 24 17:20:04 +0000 2018,0.191,0.809,0.0,"RT @jessbidgood: Lindsay Putnam, in Montpelier, Vt., uses guns to hunt deer and woodchucks that get into her yard, but calls assault weapon‚Ä¶",63,@NYTimes
-0.5209,Sat Mar 24 17:10:02 +0000 2018,0.15,0.85,0.0,"In some of the world‚Äôs most extreme and dangerous environments, one woman hunts for organisms that live in conditio‚Ä¶ https://t.co/OpHPd6pty6",64,@NYTimes
0.0,Sat Mar 24 16:55:03 +0000 2018,0.0,1.0,0.0,RT @ESCochrane: March for Our Lives rally is beginning in Washington. Recurring theme from the students I've spoken to? Never again. And th‚Ä¶,65,@NYTimes
0.0,Sat Mar 24 16:45:27 +0000 2018,0.0,1.0,0.0,The only brussels sprouts recipe you need https://t.co/HGrstgKme8,66,@NYTimes
0.2263,Sat Mar 24 16:35:05 +0000 2018,0.0,0.863,0.137,RT @PatriciaMazzei: Students prepared by making signs in a hotel ballroom in Arlington https://t.co/hkJERAU63M,67,@NYTimes
0.0,Sat Mar 24 16:25:17 +0000 2018,0.0,1.0,0.0,Washington is now consumed by a debate over whether Trump‚Äôs new team plans to govern as far to the right as it talks https://t.co/wadsGYbGfG,68,@NYTimes
-0.6523,Sat Mar 24 16:15:04 +0000 2018,0.327,0.673,0.0,RT @julieturkewitz: ‚ÄúWhat can we do to stop mass shootings? SHOOT BACK.‚Äù https://t.co/M6y8htX3OM,69,@NYTimes
-0.128,Sat Mar 24 16:06:02 +0000 2018,0.126,0.729,0.146,"Taking the step to buy your first home may feel like a leap ‚Äî across a canyon. To make matters worse, 2018 presents‚Ä¶ https://t.co/Hs8Bcc0s2c",70,@NYTimes
0.0,Sat Mar 24 15:52:01 +0000 2018,0.0,1.0,0.0,The New York Times's @DanBilefsky set out on a road trip around Quebec to rediscover his home province after 3 deca‚Ä¶ https://t.co/gO7anjjnFX,71,@NYTimes
0.0,Sat Mar 24 15:41:05 +0000 2018,0.0,1.0,0.0,RT @NYTNational: Our reporters are on the ground covering the #MarchForOurLives across the globe. Follow along @stavernise @PatriciaMazzei‚Ä¶,72,@NYTimes
-0.5994,Sat Mar 24 15:28:42 +0000 2018,0.151,0.849,0.0,"In one of Sweden's gender-free schools, a girl had gotten so loud that she drowned out the boys in the class. The g‚Ä¶ https://t.co/mKGGnUEqMc",73,@NYTimes
0.0,Sat Mar 24 15:14:49 +0000 2018,0.0,1.0,0.0,RT @ESCochrane: This is the banner Majorie Stoneman Douglas alumni are signing. There are signatures from alumni who graduated between 1992‚Ä¶,74,@NYTimes
-0.4767,Sat Mar 24 15:00:13 +0000 2018,0.158,0.769,0.073,The U.S. and China are waging a cold war for global dominance in the tech industry. This week's tariffs duel height‚Ä¶ https://t.co/49wQHrkS9M,75,@NYTimes
0.0,Sat Mar 24 14:45:08 +0000 2018,0.0,1.0,0.0,"In @NYTOpinion 

Op-Ed Contributor and former Congressman Steve Israel writes, ""You can stage marches and school wa‚Ä¶ https://t.co/JEldVFYCNB",76,@NYTimes
0.6249,Sat Mar 24 14:30:10 +0000 2018,0.0,0.661,0.339,"11 great titles expiring from Netflix in April
https://t.co/SlR6Qu0yeR",77,@NYTimes
-0.8176,Sat Mar 24 14:17:01 +0000 2018,0.321,0.679,0.0,Tens of thousands of people will march in Washington and across the world on Saturday to protest gun violence. Foll‚Ä¶ https://t.co/QABjJY4K1d,78,@NYTimes
-0.25,Sat Mar 24 14:02:05 +0000 2018,0.1,0.9,0.0,"After 110 days alone at sea, 71-year-old Aleksander Doba finally completed his mission to kayak across the Atlantic‚Ä¶ https://t.co/9TSpeIsSW5",79,@NYTimes
0.6249,Sat Mar 24 13:41:03 +0000 2018,0.0,0.814,0.186,"Floating between California and Hawaii, the ""Great Pacific Garbage Patch"" is up to 16 times bigger than previously‚Ä¶ https://t.co/8muZ68cxiN",80,@NYTimes
-0.6597,Sat Mar 24 13:39:36 +0000 2018,0.286,0.714,0.0,"Julie Yip-Williams, Writer of Candid Blog on Cancer, Dies at 42 https://t.co/fZql3kh5b0",81,@NYTimes
0.7046,Sat Mar 24 13:21:03 +0000 2018,0.0,0.797,0.203,"Stuffed ham is a lot of work, but this traditional dish remains one of America‚Äôs most regional, and revered, specia‚Ä¶ https://t.co/XMVG8VA4cF",82,@NYTimes
0.0,Sat Mar 24 13:02:04 +0000 2018,0.0,1.0,0.0,"How researchers learned to use Facebook ""likes"" to sway your thinking https://t.co/1b3QvFZtP3",83,@NYTimes
0.3182,Sat Mar 24 12:41:02 +0000 2018,0.0,0.859,0.141,"40% of Americans were obese in 2015 and 2016, a sharp increase from a decade earlier https://t.co/CrSDX5AdYD",84,@NYTimes
0.2023,Sat Mar 24 12:30:26 +0000 2018,0.0,0.859,0.141,The Interpreter: Trump‚Äôs Tariffs: Another Retreat From the Postwar World Order https://t.co/kahgW3znqD,85,@NYTimes
-0.34,Sat Mar 24 12:28:05 +0000 2018,0.211,0.789,0.0,"""We can‚Äôt fire our way out of this problem."" https://t.co/QWzzRssZYD",86,@NYTimes
-0.34,Sat Mar 24 12:15:04 +0000 2018,0.17,0.728,0.102,Internal documents show Uber‚Äôs self-driving car project wasn‚Äôt living up to expectations well before a fatal crash‚Ä¶ https://t.co/Dyrul5hWhd,87,@NYTimes
-0.1531,Sat Mar 24 12:02:05 +0000 2018,0.071,0.929,0.0,We spoke to survivors of mass shootings and others affected by them. They say the students in Parkland have given t‚Ä¶ https://t.co/f7LV6ON84Y,88,@NYTimes
0.4588,Sat Mar 24 11:41:13 +0000 2018,0.0,0.85,0.15,"Welcome to the New 42nd Street Studios, where some of Broadway‚Äôs biggest shows ‚Äî including ‚ÄúFrozen‚Äù and ‚ÄúHamilton‚Äù‚Ä¶ https://t.co/hozlyi36iC",89,@NYTimes
0.0,Sat Mar 24 11:22:01 +0000 2018,0.0,1.0,0.0,RT @nytopinion: The kids are coming to Washington. https://t.co/CQSgmVW0VU https://t.co/D4Si32zRul,90,@NYTimes
-0.8481,Sat Mar 24 11:02:03 +0000 2018,0.448,0.444,0.107,"‚ÄúCancer crushes hope, leaving a wasteland of grief, depression, despair and a sense of unending futility,‚Äù Julie Yi‚Ä¶ https://t.co/1ew2IgE1q2",91,@NYTimes
0.0,Sat Mar 24 10:35:56 +0000 2018,0.0,1.0,0.0,Wanderlust: Where to Stay (and What to Eat) in Maui‚Äôs Upcountry https://t.co/iYTCNBkhRm,92,@NYTimes
0.0,Sat Mar 24 10:26:04 +0000 2018,0.0,1.0,0.0,"RT @nytpolitics: On Washington, from @hillhulse: Harry Reid couldn‚Äôt get enough of the Senate floor during nearly two decades in the Democr‚Ä¶",93,@NYTimes
0.0,Sat Mar 24 10:15:24 +0000 2018,0.0,1.0,0.0,Quebec Road Trip: Humans of Quebec: Portraits of Those I Met on My Road Trip https://t.co/pdq7Ea3kS6,94,@NYTimes
0.25,Sat Mar 24 10:11:51 +0000 2018,0.0,0.857,0.143,The Former Khmer Rouge Slave Who Blew the Whistle on Wells Fargo https://t.co/Q9yPtrQ4vC,95,@NYTimes
-0.5106,Sat Mar 24 10:02:01 +0000 2018,0.185,0.815,0.0,Over 800 protests for stricter gun laws are planned for Saturday in the U.S. and in countries around the world https://t.co/B0sfBqlJtS,96,@NYTimes
0.6705,Sat Mar 24 09:42:04 +0000 2018,0.06,0.687,0.253,RT @nytopinion: Cambridge Analytica‚Äôs success in helping Donald Trump was premised on building a distribution system tailored to exploit ou‚Ä¶,97,@NYTimes
0.0,Sat Mar 24 09:25:06 +0000 2018,0.0,1.0,0.0,In search of Mars on Earth https://t.co/UmxRNB0v3K,98,@NYTimes
0.0,Sat Mar 24 09:02:52 +0000 2018,0.0,1.0,0.0,"Iraq: 7 minutes
Jordan: 9 minutes
Romania: 12 minutes
Norway: 46 minutes
Afghanistan: 47 minutes
Sweden: 51 minutes
https://t.co/KsOAlrqRH4",99,@NYTimes
